{"name_model": "cartpole", "task": "balance", "label": "", "num_episodes": 100, "batch_size": 128, "duration": 200, "actor_learning_rate": 0.0001, "critic_learning_rate": 0.001, "gamma": 0.995, "tau": 0.01, "rewards": [68.23646149573007, 49.758170284669696, 95.70268063108432, 66.35975687477384, 62.67148114744561, 62.246940036459065, 75.3154179510456, 71.8680557105414, 110.84924655642473, 108.5523037154427, 127.13171112278488, 70.10150101764233, 109.9251848400852, 83.01936093086903, 67.91138393884896, 120.7126615723082, 93.41564146427022, 104.12629230375842, 121.48003735286926, 72.71036539120803, 67.5274157136104, 64.79762875511452, 173.77333324987913, 133.83563845061772, 116.3022893812446, 72.71429046823216, 132.1983668016006, 118.94649363622567, 109.86722545384087, 118.17207991721534, 61.21623295189344, 151.0752937037849, 122.1196339747473, 122.27308055877586, 163.29694087834292, 174.32404533355242, 55.93663563646779, 91.10684111934559, 145.2497124150336, 119.64681871378906, 80.84407765308481, 117.06942208645951, 81.32878161899723, 158.52963427489547, 117.30580149405245, 131.92545635883712, 142.36316836964227, 72.14576597232539, 164.70377560270998, 122.16036248062692, 174.43150513581583, 81.78102673275427, 154.93022347741788, 164.3891421722489, 130.34220424128145, 172.51225481265394, 154.6263152966991, 149.38441106648483, 175.2379351812569, 158.8588816236986, 82.02991403637473, 158.32337422918, 179.18192196614672, 78.88165165836159, 167.91999768894752, 173.37620244757815, 178.82090089965345, 175.17884858340778, 123.40721193498227, 72.61092506684393, 178.22111496298146, 177.76006945320069, 153.33149532413802, 128.09250768304187, 151.23037900419294, 163.88723687248333, 168.1603076475527, 127.7884442871631, 175.12741060193977, 127.91448858028325, 175.59273213094102, 156.2391781729751, 113.48825868100502, 106.31182282368546, 180.3314030324652, 108.40362207085153, 180.77359040877295, 137.9186530046603, 82.01682877824106, 151.72644620662047, 96.46859594634076, 138.35422937393295, 110.62582679727706, 154.93785947989448, 73.46660959790738, 182.06551883051046, 183.03448828445724, 119.38531478035375, 169.36965710882015, 176.25205574468032], "avg_rewards": [68.23646149573007, 58.997315890199886, 71.2324374704947, 70.01426732156449, 68.54571008674071, 67.49591507836044, 68.61298691731547, 69.0198705164687, 73.6675789653527, 77.15605144036171, 83.04557640306719, 85.07990947636445, 86.50215989726453, 88.16812030287406, 88.69211058201438, 94.53868273559931, 96.34870508692177, 99.57452874624347, 100.63760782588793, 97.05341399346445, 91.092984452547, 90.56259722629422, 96.94741206727362, 102.02903981924848, 106.86813036348806, 102.06829325308044, 105.9465657868135, 107.42858592006021, 106.26730473015736, 110.81347618275808, 110.18235790658642, 118.81012440145344, 113.64475447394027, 112.48849868475608, 117.1879638344659, 127.34893932099794, 119.72276620448466, 116.93880095279664, 120.47704964891591, 120.62452352857329, 122.58730799869245, 119.18672083695989, 115.10763560138489, 118.73329097299684, 114.1341770345678, 109.89431813709628, 118.53697141041371, 116.64086389571169, 118.58627021447933, 118.8376245911631, 128.19636733943622, 124.66752780406571, 132.0276719899078, 132.6136227796431, 133.917263054366, 137.97594289974768, 139.20225759245335, 146.92612210186928, 147.979538059724, 151.64938997403118, 142.40923086408708, 150.06346561372965, 152.48863546260253, 143.9378864112138, 147.6956657559804, 147.78206051947282, 150.20151907976827, 152.78096283146056, 147.5978905068331, 138.97309485114764, 148.59221494380827, 150.53588446621035, 147.95084180200948, 152.8719274044775, 151.20296553600207, 150.25406897849257, 149.1880096532825, 144.44896922365803, 149.6209890903538, 155.1513454416977, 154.88850715849364, 152.7364180304711, 148.7520943661578, 146.57402588022214, 149.4841282830494, 143.9357668028862, 145.19709507900822, 146.21011595075797, 136.89905776838808, 139.28025353102183, 131.36783991256178, 129.57934503265756, 129.29310184428476, 134.1557055099057, 123.4692261664499, 130.83541584241578, 131.0615056299842, 129.20817180755358, 137.94345464061146, 140.39601559441743]}