{"name_model": "cheetah", "task": "run", "label": "depth=2_", "num_episodes": 200, "batch_size": 128, "duration": 200, "actor_learning_rate": 0.0001, "critic_learning_rate": 0.001, "hidden_size": 64, "hidden_depth": 2, "gamma": 0.99, "tau": 0.01, "rewards": [3.1322093995237594, 2.9646183753407764, 14.06810534489856, 6.289818151947152, 6.503979140603222, 1.13609708045077, 4.874680746425349, 9.007365607483557, 3.428404541255369, 2.0614075236500264, 3.5455778077402815, 4.981014803703406, 1.22687932215722, 0.6279117269516286, 5.618349958022189, 8.11912456874463, 3.0704868236787375, 7.8380938287186614, 8.653306181313434, 7.392146073617865, 9.07000754176229, 9.765391254218185, 2.949655943421744, 7.459968517630284, 3.9910206941780086, 3.9312392050108427, 5.911717891649501, 5.112229698166999, 7.206724099865379, 7.395627155479291, 16.597064466819894, 7.095469690708687, 9.572157430571137, 3.614498257729466, 7.96227986850814, 7.788515497577459, 9.529329041786156, 13.893445563388042, 14.50050271203948, 8.404493100077694, 14.757882945953003, 10.378790460108677, 10.016753312034439, 15.876929773917272, 6.7144705858744445, 9.94710690458611, 12.424600565432307, 14.31905127407336, 14.819633435091493, 11.176192945328951, 9.976216894950324, 12.612898646743947, 15.272948142949062, 2.3199882950280424, 14.13610942167751, 12.011980791822426, 15.840508257789118, 10.039493333799655, 8.269984208469534, 10.722088944000316, 15.585838028990208, 7.830886776348889, 3.4611103158101972, 4.216616189481014, 6.060037805487389, 12.040663941704764, 12.729772503482838, 5.679323987626631, 10.033733583241778, 2.183533445422729, 8.175970068371566, 2.194616109797168, 7.885903888847148, 12.835377211761342, 7.969459850671363, 10.128984230892554, 10.806437296784088, 24.842426886703645, 7.358295268954902, 3.2849095051475627, 10.075336106130257, 30.156735467899395, 15.84967600476073, 14.883692991631948, 29.43972926995841, 24.67380978423588, 16.166978587558837, 1.128971645315886, 5.62174816457145, 5.165436826907296, 22.91396573636186, 19.313044217835923, 11.981724369221311, 9.678098603241992, 21.946297331939967, 17.54636419764461, 13.786842287135057, 7.143369490331025, 5.799470531717156, 19.436753554767456, 15.509012937920858, 18.851437522611793, 16.39198951253775, 6.269186139095427, 8.739921676855694, 15.810786567059827, 10.494111445717854, 7.419475261617539, 16.025782707681085, 6.985650376010646, 16.390931973505644, 19.5966667573575, 13.03576624940011, 11.897232021269344, 7.108455515756587, 15.780357308450263, 12.321276069847805, 7.957173474254299, 7.961205231461729, 23.545415459858962, 6.785532388875588, 9.491963601304315, 7.9791548440033315, 25.809195951881374, 11.660609647542808, 7.230456377061056, 19.296329662078772, 7.528043509908548, 14.475292200082066, 5.8055102191276475, 10.707302330144755, 18.677481901669044, 12.760145224727122, 9.664301697880484, 4.049756054403981, 12.480735230755387, 9.454578700180166, 23.8430651071904, 19.395232203747497, 14.48388431066189, 14.826108850209538, 11.247400266677067, 31.473315511118983, 10.134507183378865, 12.227343419957966, 27.35570548014736, 11.608372837419452, 39.099460101668186, 26.26083248248544, 10.957160352894464, 11.73667099381132, 3.3406178670679694, 22.435022402670953, 12.498140511065639, 15.304539968942635, 6.722225845636213, 14.951612969979562, 24.5639029516943, 24.474520109574286, 7.345576984815952, 20.996492742853754, 17.513137870457737, 13.396442954889487, 14.76223523132418, 9.38814858900296, 27.56135561160719, 7.266079052082686, 23.218262519534232, 17.60692932148741, 16.782966953787703, 16.474995976064857, 20.294189306179124, 13.07238300789253, 18.08926056364004, 18.878819274908274, 9.251937053783818, 13.010753375673277, 18.16348046863496, 17.12744912508312, 12.522636092411675, 17.217047429875294, 6.963138372601262, 4.780726691779902, 16.634026556198254, 16.57281590148417, 17.01169206122681, 5.472322507970575, 16.316118351554824, 17.21280806799741, 24.687192136483702, 27.38600968417376, 15.999592928106532, 20.251686098788085, 12.453617601093384, 19.075830972555252, 20.308441832288196, 23.592994099151127, 11.576655837734691, 32.021099703633816, 17.241838600287718],