{"name_model": "hopper", "task": "hop", "label": "depth=1_", "num_episodes": 200, "batch_size": 128, "duration": 200, "actor_learning_rate": 0.0001, "critic_learning_rate": 0.001, "hidden_size": 64, "hidden_depth": 1, "gamma": 0.99, "tau": 0.01, "rewards": [0.0, 0.0, 0.0, 0.0, 0.0, 0.0, 0.0, 0.0, 0.0, 0.0, 0.0, 0.0, 0.0, 0.0, 0.0, 0.0, 0.0, 0.0, 0.0, 0.29534381202566284, 0.0, 0.0, 0.0, 0.10662698522836356, 0.0, 0.0, 0.150541106567589, 0.0, 0.0, 0.0, 0.0, 0.0, 0.0, 0.0, 0.005832105409256494, 0.0, 0.0, 0.0, 3.6459634085060157, 0.0, 0.0, 11.090203471315952, 0.0, 0.0, 0.06584911278402572, 0.002916854605916619, 0.0, 0.010590677221921196, 15.20224039185696, 0.0, 0.0, 1.2164198975434437, 0.0, 0.0, 0.0, 0.0, 0.024453337973229794, 0.0, 0.0, 1.3311181611229754, 6.997968495053033, 0.0, 0.0, 0.0, 0.0, 0.23815830278557149, 0.0, 4.874204878029714, 0.17827960545711008, 0.6854862685554617, 0.0, 0.0, 0.0, 0.008124451650183606, 3.579174633134001, 2.535752720974685, 5.699112262399533, 0.0, 1.348056019899761, 0.006937084460272525, 0.0, 0.0, 0.0, 0.0, 0.0, 0.0, 0.0, 0.0, 0.0, 9.252962333110045, 0.0, 0.0, 0.001585722784467114, 0.0, 0.0, 7.222410071170758, 0.1160066176885387, 0.0, 0.0, 0.0, 0.0, 0.0, 0.4240373274815967, 0.0, 0.0, 0.0, 0.0, 0.0, 0.0, 3.1345298508346717, 0.0, 0.0, 0.0, 0.0, 0.0, 0.0, 0.0, 0.3539455894261182, 0.0, 11.263700896631768, 0.0, 5.844739627240898, 0.0, 0.00917412507579829, 0.0, 0.0, 0.0, 0.00024011578928329058, 0.0, 0.0, 0.0, 13.234968913486648, 0.0, 0.0, 0.0, 0.0, 0.0, 0.0, 0.0, 0.0, 0.0, 0.0, 0.0, 0.0, 0.0, 0.0, 0.0, 0.0, 0.06993225721348262, 0.0, 0.4648057219720835, 0.0, 8.116671530356001e-05, 0.0, 0.0, 0.0, 0.0, 0.0, 0.6662875383494462, 0.0, 0.0, 0.0, 0.0, 0.0, 0.0, 0.0, 0.0, 0.0, 0.0, 0.0, 0.0, 1.4253736314162289, 0.0, 0.0, 0.019870857612378945, 0.0, 0.0, 0.0, 0.0, 0.0, 0.0, 0.0, 0.0, 0.0, 0.0, 0.0, 0.0, 0.006805898029529689, 0.0, 0.0, 13.128290747742314, 0.0, 0.0, 0.0, 0.0, 0.0, 0.0, 0.0, 0.0, 0.0], "avg_rewards": [0.0, 0.0, 0.0, 0.0, 0.0, 0.0, 0.0, 0.0, 0.0, 0.0, 0.0, 0.0, 0.0, 0.0, 0.0, 0.0, 0.0, 0.0, 0.0, 0.029534381202566285, 0.029534381202566285, 0.029534381202566285, 0.029534381202566285, 0.04019707972540264, 0.04019707972540264, 0.04019707972540264, 0.055251190382161544, 0.055251190382161544, 0.055251190382161544, 0.025716809179595256, 0.025716809179595256, 0.025716809179595256, 0.025716809179595256, 0.015054110656758901, 0.015637321197684552, 0.015637321197684552, 0.0005832105409256493, 0.0005832105409256493, 0.3651795513915272, 0.3651795513915272, 0.3651795513915272, 1.4741998985231224, 1.4741998985231224, 1.4741998985231226, 1.4802015992605995, 1.4804932847211911, 1.4804932847211911, 1.4815523524433833, 2.6371800507784777, 2.6371800507784777, 2.6371800507784777, 1.6498016934012267, 1.6498016934012267, 1.6498016934012267, 1.643216782122824, 1.6429250966622326, 1.6453704304595558, 1.6443113627373633, 0.12408732355166734, 0.2571991396639649, 0.9569959891692683, 0.8353539994149239, 0.8353539994149239, 0.8353539994149239, 0.8353539994149239, 0.859169829693481, 0.8567244958961581, 1.3441449836991295, 1.3619729442448405, 1.297409754988089, 0.5976129054827857, 0.5976129054827857, 0.5976129054827857, 0.598425350647804, 0.9563428139612041, 1.1861022557801155, 1.7560134820200688, 1.2685929942170973, 1.3855706356613626, 1.3177157172518437, 1.3177157172518437, 1.3177157172518434, 1.3177157172518437, 1.3169032720868252, 0.9589858087734251, 0.7054105366759567, 0.13549931043600336, 0.13549931043600336, 0.0006937084460272525, 0.9252962333110044, 0.9252962333110044, 0.9252962333110044, 0.9254548055894511, 0.9254548055894511, 0.9254548055894511, 1.647695812706527, 1.6592964744753806, 1.6592964744753806, 1.6592964744753806, 0.7340002411643765, 0.7340002411643765, 0.7340002411643765, 0.7762454016340894, 0.7762454016340894, 0.7762454016340894, 0.05400439451701354, 0.04240373274815967, 0.04240373274815967, 0.04240373274815967, 0.35585671783162687, 0.35585671783162687, 0.35585671783162687, 0.3134529850834672, 0.3134529850834672, 0.3134529850834672, 0.3134529850834672, 0.3134529850834672, 0.348847544026079, 0.348847544026079, 1.1617646486057887, 1.1617646486057887, 1.7462386113298785, 1.7462386113298785, 1.7471560238374582, 1.7471560238374582, 1.7471560238374582, 1.7471560238374582, 1.7117854764737745, 1.7117854764737745, 0.585415386810598, 0.585415386810598, 1.324438315435173, 1.324438315435173, 1.3235209029275932, 1.3235209029275932, 1.3235209029275932, 1.3235209029275932, 1.3234968913486649, 1.3234968913486649, 1.3234968913486649, 1.3234968913486649, 0.0, 0.0, 0.0, 0.0, 0.0, 0.0, 0.0, 0.006993225721348262, 0.006993225721348262, 0.05347379791855661, 0.05347379791855661, 0.053481914590086964, 0.053481914590086964, 0.053481914590086964, 0.053481914590086964, 0.053481914590086964, 0.053481914590086964, 0.11311744270368332, 0.11311744270368332, 0.06663687050647497, 0.06663687050647497, 0.06662875383494463, 0.06662875383494463, 0.06662875383494463, 0.06662875383494463, 0.06662875383494463, 0.06662875383494463, 0.0, 0.0, 0.0, 0.14253736314162288, 0.14253736314162288, 0.14253736314162288, 0.14452444890286079, 0.14452444890286079, 0.14452444890286079, 0.14452444890286079, 0.14452444890286079, 0.14452444890286079, 0.14452444890286079, 0.0019870857612378943, 0.0019870857612378943, 0.0019870857612378943, 0.0, 0.0, 0.0, 0.0006805898029529689, 0.0006805898029529689, 0.0006805898029529689, 1.3135096645771844, 1.3135096645771844, 1.3135096645771844, 1.3135096645771844, 1.3135096645771844, 1.3135096645771844, 1.3135096645771844, 1.3128290747742315, 1.3128290747742315, 1.3128290747742315]}