{"name_model": "hopper", "task": "hop", "label": "depth=2_", "num_episodes": 200, "batch_size": 128, "duration": 200, "actor_learning_rate": 0.0001, "critic_learning_rate": 0.001, "hidden_size": 64, "hidden_depth": 2, "gamma": 0.99, "tau": 0.01, "rewards": [0.0, 0.0, 0.0, 0.0, 0.0, 0.0, 0.0, 0.0, 0.0, 0.0, 0.0, 0.0, 0.0, 0.0, 0.0, 0.0, 0.0, 0.0, 0.029831248475550853, 0.0, 0.019537088707977546, 0.0, 0.0, 0.026875050313794002, 0.0, 0.0, 0.0, 0.0, 0.0, 0.0, 0.0, 0.0, 0.02400725368042922, 0.0, 0.0, 0.0, 0.0, 0.027609118136017408, 0.0, 0.0, 0.0, 0.0, 0.0, 0.0, 0.005453386569263308, 0.0, 0.0, 0.0, 0.0, 0.0, 0.0, 0.0, 0.8817840524436024, 0.0, 0.0, 0.2560395979111162, 0.0, 0.0, 0.0, 0.0, 0.005655082361806896, 1.0704679962227615, 0.7204238603984793, 0.0, 0.0, 0.0, 0.0, 0.0, 2.9056522528602757, 0.0, 0.0, 0.0, 0.0, 0.033451360118379014, 0.0, 0.0, 0.0, 0.0, 0.0, 0.0, 0.0, 6.121210983263998, 0.0, 9.793393571598703, 0.0, 0.0, 0.0, 0.10164453252763561, 0.0, 0.0, 0.0, 8.761504872928317, 0.0, 0.2998991851806382, 0.2485977732369673, 0.0, 6.1492845777885945, 1.9624881723097256, 1.1988145437565456, 0.0007127758958459518, 0.0, 10.698466709916163, 0.0, 0.12478528556765667, 0.0, 0.0, 0.0, 1.7681535546498095, 0.0, 0.0, 0.0, 0.3800801236526713, 0.0, 0.0, 0.0, 0.0, 0.0, 0.0, 0.0003723107992050778, 0.0, 0.0, 0.0, 9.127318517737686, 0.0, 0.0, 0.0, 0.0, 6.703689748441517, 0.0, 1.0603973598671472, 0.0, 0.0, 0.0, 9.040345334128837, 0.0, 9.558515208777981, 3.407135821320004, 0.0, 0.0, 0.0, 0.0, 0.0, 0.0, 0.0, 0.0, 0.0, 0.0, 0.0, 0.0, 0.0, 0.0, 0.0, 4.8447360902281895, 0.8105758082204731, 0.0, 0.0, 1.3165090733124472, 0.0, 0.0, 0.0, 0.0, 0.0, 0.0, 0.0, 0.0, 0.0, 0.0, 0.0, 0.0028595081341470374, 0.0, 0.0, 0.0, 0.012819153106435999, 0.0, 0.006090549070881801, 0.0, 0.0, 0.0, 0.0, 0.0, 0.0, 0.0, 0.0, 0.0, 0.0, 0.0, 0.6110051587958342, 0.0, 0.0, 0.0, 0.0, 0.0, 0.0, 0.0, 0.0, 0.7437446519341735, 0.0, 0.0, 0.0, 0.0], "avg_rewards": [0.0, 0.0, 0.0, 0.0, 0.0, 0.0, 0.0, 0.0, 0.0, 0.0, 0.0, 0.0, 0.0, 0.0, 0.0, 0.0, 0.0, 0.0, 0.0029831248475550853, 0.0029831248475550853, 0.00493683371835284, 0.00493683371835284, 0.00493683371835284, 0.00762433874973224, 0.00762433874973224, 0.00762433874973224, 0.00762433874973224, 0.00762433874973224, 0.004641213902177155, 0.004641213902177155, 0.0026875050313794, 0.0026875050313794, 0.0050882303994223225, 0.002400725368042922, 0.002400725368042922, 0.002400725368042922, 0.002400725368042922, 0.005161637181644663, 0.005161637181644663, 0.005161637181644663, 0.005161637181644663, 0.005161637181644663, 0.0027609118136017407, 0.0027609118136017407, 0.0033062504705280715, 0.0033062504705280715, 0.0033062504705280715, 0.0005453386569263307, 0.0005453386569263307, 0.0005453386569263307, 0.0005453386569263307, 0.0005453386569263307, 0.08872374390128657, 0.08872374390128657, 0.08817840524436024, 0.11378236503547186, 0.11378236503547186, 0.11378236503547186, 0.11378236503547186, 0.11378236503547186, 0.11434787327165255, 0.22139467289392867, 0.2052586536894164, 0.2052586536894164, 0.2052586536894164, 0.17965469389830474, 0.17965469389830477, 0.17965469389830474, 0.47021991918433237, 0.47021991918433237, 0.46965441094815163, 0.3626076113258755, 0.2905652252860276, 0.29391036129786546, 0.29391036129786546, 0.29391036129786546, 0.29391036129786546, 0.29391036129786546, 0.0033451360118379016, 0.0033451360118379016, 0.0033451360118379016, 0.6154662343382377, 0.6154662343382377, 1.5914604554862701, 1.5914604554862701, 1.5914604554862701, 1.5914604554862701, 1.6016249087390335, 1.6016249087390335, 1.6016249087390335, 1.6016249087390335, 1.8656542977054655, 1.8656542977054655, 0.9163048590636592, 0.941164636387356, 0.941164636387356, 1.5560930941662154, 1.7421774581444243, 1.8620589125200788, 1.8621301901096632, 1.8621301901096632, 2.055826373808448, 2.055826373808448, 2.03831498384715, 2.0134552065234534, 2.013455206523453, 1.3985267487445936, 1.379093286978602, 1.2592118326029476, 1.259140555013363, 1.259140555013363, 0.22730189638701376, 0.22730189638701376, 0.21482336783024808, 0.21482336783024808, 0.21482336783024808, 0.21482336783024808, 0.03800801236526713, 0.038045243445187636, 0.038045243445187636, 0.038045243445187636, 3.723107992050778e-05, 0.9127690828536892, 0.9127690828536892, 0.9127690828536892, 0.9127690828536892, 0.9127690828536892, 1.5831380576978409, 1.5831008266179203, 1.689140562604635, 1.689140562604635, 1.689140562604635, 0.7764087108308665, 1.6804432442437502, 1.6804432442437502, 2.6362947651215487, 2.977008347253549, 2.306639372409397, 2.306639372409397, 2.2005996364226825, 2.2005996364226825, 2.2005996364226825, 2.2005996364226825, 1.2965651030097987, 1.2965651030097987, 0.34071358213200037, 0.0, 0.0, 0.0, 0.0, 0.0, 0.0, 0.48447360902281894, 0.5655311898448663, 0.5655311898448663, 0.5655311898448663, 0.697182097176111, 0.697182097176111, 0.697182097176111, 0.697182097176111, 0.697182097176111, 0.697182097176111, 0.21270848815329205, 0.1316509073312447, 0.1316509073312447, 0.1316509073312447, 0.0, 0.0, 0.00028595081341470374, 0.00028595081341470374, 0.00028595081341470374, 0.00028595081341470374, 0.0015678661240583036, 0.0015678661240583036, 0.002176921031146484, 0.002176921031146484, 0.002176921031146484, 0.002176921031146484, 0.00189097021773178, 0.00189097021773178, 0.00189097021773178, 0.00189097021773178, 0.0006090549070881801, 0.0006090549070881801, 0.0, 0.0, 0.061100515879583414, 0.061100515879583414, 0.061100515879583414, 0.061100515879583414, 0.061100515879583414, 0.061100515879583414, 0.061100515879583414, 0.061100515879583414, 0.061100515879583414, 0.13547498107300077, 0.07437446519341735, 0.07437446519341735, 0.07437446519341735, 0.07437446519341735]}