{"name_model": "walker", "task": "run", "label": "depth=1_", "num_episodes": 200, "batch_size": 128, "duration": 200, "actor_learning_rate": 0.0001, "critic_learning_rate": 0.001, "hidden_size": 64, "hidden_depth": 1, "gamma": 0.99, "tau": 0.01, "rewards": [5.68010014858036, 4.47455006565191, 6.297393720995579, 7.242421985514079, 11.042888183821029, 5.814802417385965, 5.661356237194518, 5.482450396121344, 6.702521570505624, 7.608369320937921, 6.136578832972011, 5.049501676075561, 12.867626769509936, 5.526600890744889, 7.184428854842493, 11.69237074957816, 11.017353914294288, 12.253127398287228, 5.513936813455515, 5.6974863959251305, 12.543020479607442, 10.469958714866811, 11.831853409677835, 14.6826480041465, 8.176044509308888, 10.003476589614033, 15.37764714260131, 16.90339752631418, 10.870150490863791, 9.132289388281391, 7.504022002634522, 13.809583795776696, 13.143830752292311, 12.248287318396683, 6.2030088930155785, 13.891246590147441, 14.608078033701174, 7.299669725452787, 12.817097837904411, 13.502995972345651, 12.224756745635277, 11.652182600303417, 9.236574420410157, 7.9500618257334255, 11.798637220094651, 5.664060059830606, 13.720966101684562, 11.044049589397833, 6.533945862270879, 7.562221790785098, 12.96215512484522, 13.766802944444622, 12.74865754932502, 13.033207154715296, 10.579114125898872, 9.664548997640983, 9.634866595221643, 11.055404481104288, 10.066332397093896, 8.562481710874732, 8.895180727212406, 9.251435051451661, 7.113305002434555, 10.431391659128066, 17.8976896888065, 12.138894599289943, 13.202702299825825, 10.494024120968076, 8.097615732032194, 6.764266383184366, 7.780964815324508, 15.639624153788608, 11.865880634860707, 9.263396168928038, 6.97397954353124, 14.183198335020158, 9.560272526717835, 19.021989564114723, 13.005592042088804, 13.051423369542201, 16.161011328417654, 15.675775798438751, 15.318339737748344, 16.38090266072563, 18.84570181847658, 11.029818402683663, 11.668480390854068, 9.24244997579555, 10.266778368629444, 22.205105636224207, 9.30510137275827, 15.873700334405301, 7.960624815233246, 14.160982452094375, 26.50346570359076, 16.182548152068513, 11.307149135464764, 9.403017956238923, 15.775626891432005, 11.739675290784417, 18.580811511579938, 16.122957244023556, 11.307619578918391, 11.910587187245584, 18.628756999276586, 10.025864800630472, 16.193376716574978, 15.56384645532817, 9.009223190492715, 20.993680337238352, 13.45279288680241, 13.808055894210497, 24.09689848436179, 10.305079862645465, 12.073441887172576, 7.954413943036544, 9.869467363688283, 14.969021793969015, 21.820350158337085, 9.890453849410141, 6.465426339372873, 17.55705080337107, 10.806730573235281, 10.408325106960893, 14.082843676781616, 13.380049745016825, 20.466009264421572, 17.431316016325944, 16.260218890803362, 15.815782910181715, 14.292510816198229, 7.3106515585123155, 15.437353425704009, 20.020215947005536, 14.181165829326128, 16.313884278046903, 16.473548799357825, 20.304766155305025, 9.491487412700563, 11.823073665230952, 24.679180958308812, 16.652161006430507, 13.034679507407818, 9.801772532322072, 15.280224926500978, 18.421143907051174, 16.390167390547724, 4.895303077190728, 18.278895573556856, 14.290696101506224, 17.073495903583776, 21.841220901593037, 21.199728542187156, 13.075338525823657, 12.99720134546106, 13.857217377597799, 20.254036529661345, 19.308157733356797, 12.385179379335161, 23.223158306431667, 15.405581405945195, 11.820687864232342, 19.414983229443354, 26.24381718556353, 22.12590389472444, 16.448950776911822, 11.227450646194486, 10.213844158340255, 21.891047852881638, 15.633580610784497, 13.76464152887739, 12.499868750366389, 27.801745115534764, 20.15167939591156, 16.403218804584032, 6.4498730598919005, 16.699737410874036, 16.094072829737794, 12.482540286171503, 21.289949749463716, 20.853535163236625, 20.58663726168665, 20.884951891588468, 27.801816868721758, 12.921764704016555, 21.381669833840533, 13.704181548915859, 15.591204675394113, 20.265193202226, 12.959055785956224, 19.692057183823213, 18.920401969837396, 20.512785798680248, 25.21699036089743, 14.427702894358744, 27.863951948536766, 9.915789337308704, 19.84017232903682, 16.375914863064594, 11.736807111646925],