{"name_model": "hopper", "task": "hop", "label": "depth=4_", "num_episodes": 200, "batch_size": 128, "duration": 200, "actor_learning_rate": 0.0001, "critic_learning_rate": 0.001, "hidden_size": 64, "hidden_depth": 4, "gamma": 0.99, "tau": 0.01, "rewards": [0.0, 0.0, 0.0, 0.0, 0.0, 0.0, 0.00014466860052764208, 0.0, 0.0, 0.0, 0.0, 0.0, 0.0, 0.0, 0.0, 0.0, 0.11314817358259166, 0.0, 0.0, 0.0, 0.0, 0.0, 0.0, 0.0, 0.0, 0.0, 0.0, 0.0, 0.0, 0.0, 0.0, 0.0, 0.0, 0.0, 0.02448523652671286, 0.0, 0.04406108169391265, 0.0, 0.0, 0.0, 0.0, 0.0, 0.0, 0.02408123163163467, 0.0, 0.0, 0.0, 0.0, 0.0, 0.0, 0.0, 0.0, 0.0, 0.2410453391135826, 14.035938920454221, 2.765213808731865, 0.0, 0.0, 0.0, 0.0, 0.0, 0.0, 0.0, 0.0, 0.0, 0.005879054610458789, 0.0, 0.010471463014396387, 0.0, 0.0, 4.569660693584619, 0.0, 0.0, 0.0, 0.0, 0.0, 0.0, 0.0, 0.0, 0.0, 0.0, 0.0, 0.0, 0.0, 0.0, 7.277461010337187, 0.0, 0.013135203663350525, 0.0, 0.0, 0.10060209966005718, 0.0, 0.0, 0.0, 0.0, 0.0, 0.0, 0.0, 0.0, 1.5562465068132578, 0.0, 0.0, 0.0, 0.0, 0.0, 0.0016721061174251872, 7.244989642496491, 0.0, 0.0, 0.0, 0.0, 0.0, 0.0, 0.0, 0.0, 0.0, 0.0, 0.0, 0.0, 0.0, 0.0, 0.0, 0.0, 0.05295388410022961, 0.0, 0.0, 0.0, 0.0, 0.0, 0.0, 0.044975411605675863, 0.0, 1.5768832375417983, 0.36797043954425057, 0.0, 0.0, 3.9373428411163953, 0.0, 0.0, 0.0, 0.0, 0.0, 0.0, 0.0, 0.0, 0.0, 0.0, 0.0, 0.0, 0.0, 0.0, 0.0, 0.0, 0.0, 6.4268175336905875, 0.0, 0.0, 0.0, 0.0, 0.0, 0.0, 0.01954102650412226, 0.0, 0.0, 0.0006275085714002593, 0.0, 0.0, 0.0, 0.0, 0.0, 0.0, 5.15153669749049, 0.0, 0.0, 0.0, 0.0, 4.501850122343129, 0.0, 0.0, 0.0, 0.0, 0.0, 0.0, 5.768620460917386, 0.0, 0.0, 0.0, 0.0, 0.0, 0.0, 0.0, 0.0, 0.0, 2.8830423058872268, 0.015831341483674377, 0.0, 0.0, 8.60249823775891, 4.788935975676361, 0.7427823932603371], "avg_rewards": [0.0, 0.0, 0.0, 0.0, 0.0, 0.0, 2.0666942932520298e-05, 1.808357506595526e-05, 1.6074288947515785e-05, 1.4466860052764207e-05, 1.4466860052764207e-05, 1.4466860052764207e-05, 1.4466860052764207e-05, 1.4466860052764207e-05, 1.4466860052764207e-05, 1.4466860052764207e-05, 0.011314817358259167, 0.011314817358259167, 0.011314817358259167, 0.011314817358259167, 0.011314817358259167, 0.011314817358259167, 0.011314817358259167, 0.011314817358259167, 0.011314817358259167, 0.011314817358259167, 0.0, 0.0, 0.0, 0.0, 0.0, 0.0, 0.0, 0.0, 0.002448523652671286, 0.002448523652671286, 0.006854631822062552, 0.006854631822062552, 0.006854631822062552, 0.006854631822062552, 0.006854631822062552, 0.006854631822062552, 0.006854631822062552, 0.009262754985226019, 0.0068142313325547325, 0.0068142313325547325, 0.002408123163163467, 0.002408123163163467, 0.002408123163163467, 0.002408123163163467, 0.002408123163163467, 0.002408123163163467, 0.002408123163163467, 0.02410453391135826, 1.4276984259567804, 1.704219806829967, 1.704219806829967, 1.704219806829967, 1.704219806829967, 1.704219806829967, 1.704219806829967, 1.704219806829967, 1.704219806829967, 1.6801152729186086, 0.2765213808731865, 0.0005879054610458789, 0.0005879054610458789, 0.0016350517624855176, 0.0016350517624855176, 0.0016350517624855176, 0.4586011211209474, 0.4586011211209474, 0.4586011211209474, 0.4586011211209474, 0.4586011211209474, 0.45801321565990155, 0.45801321565990155, 0.4569660693584619, 0.4569660693584619, 0.4569660693584619, 0.0, 0.0, 0.0, 0.0, 0.0, 0.7277461010337187, 0.7277461010337187, 0.7290596214000538, 0.7290596214000538, 0.7290596214000538, 0.7391198313660594, 0.7391198313660594, 0.7391198313660594, 0.7391198313660594, 0.7391198313660594, 0.01137373033234077, 0.01137373033234077, 0.010060209966005717, 0.010060209966005717, 0.1656848606473315, 0.15562465068132578, 0.15562465068132578, 0.15562465068132578, 0.15562465068132578, 0.15562465068132578, 0.1557918612930683, 0.8802908255427173, 0.8802908255427173, 0.8802908255427173, 0.7246661748613916, 0.7246661748613916, 0.7246661748613916, 0.7246661748613916, 0.7246661748613916, 0.7246661748613916, 0.7244989642496491, 0.0, 0.0, 0.0, 0.0, 0.0, 0.0, 0.0, 0.005295388410022961, 0.005295388410022961, 0.005295388410022961, 0.005295388410022961, 0.005295388410022961, 0.005295388410022961, 0.005295388410022961, 0.009792929570590548, 0.009792929570590548, 0.16748125332477037, 0.19898290886917244, 0.19898290886917244, 0.19898290886917244, 0.5927171929808119, 0.5927171929808119, 0.5927171929808119, 0.5927171929808119, 0.5882196518202444, 0.5882196518202444, 0.4305313280660646, 0.3937342841116395, 0.3937342841116395, 0.3937342841116395, 0.0, 0.0, 0.0, 0.0, 0.0, 0.0, 0.0, 0.0, 0.6426817533690588, 0.6426817533690588, 0.6426817533690588, 0.6426817533690588, 0.6426817533690588, 0.6426817533690588, 0.6426817533690588, 0.644635856019471, 0.644635856019471, 0.644635856019471, 0.002016853507552252, 0.002016853507552252, 0.002016853507552252, 0.002016853507552252, 0.002016853507552252, 0.002016853507552252, 0.002016853507552252, 0.515216420606189, 0.515216420606189, 0.515216420606189, 0.5151536697490491, 0.5151536697490491, 0.9653386819833619, 0.9653386819833619, 0.9653386819833619, 0.9653386819833619, 0.9653386819833619, 0.45018501223431284, 0.45018501223431284, 1.0270470583260516, 1.0270470583260516, 1.0270470583260516, 0.5768620460917386, 0.5768620460917386, 0.5768620460917386, 0.5768620460917386, 0.5768620460917386, 0.5768620460917386, 0.5768620460917386, 0.2883042305887227, 0.2898873647370901, 0.2898873647370901, 0.2898873647370901, 1.150137188512981, 1.6290307860806172, 1.7033090254066512]}