{"name_model": "swimmer", "task": "swimmer6", "label": "depth=3_", "num_episodes": 200, "batch_size": 128, "duration": 200, "actor_learning_rate": 0.0001, "critic_learning_rate": 0.001, "hidden_size": 64, "hidden_depth": 3, "gamma": 0.99, "tau": 0.01, "rewards": [2.9656807337193976, 79.72524103208966, 3.1285757114059787, 2.2570085458065874, 152.20648268199548, 1.3875547963103958, 76.76582690038884, 183.2627688190834, 173.03124155191264, 1.9190318153948203, 94.39243922686465, 1.0136255109060235, 1.1312181251491822, 8.656235542257559, 194.8939272654765, 1.791584423808818, 1.7503903251581017, 1.6978186296604862, 1.3512103709106758, 59.98151930200344, 80.64863206877898, 6.78044071882057, 12.770488530358579, 34.78922557476964, 7.773358166933718, 2.8911150486056147, 5.67915816010962, 2.0315531023423987, 5.143489822997186, 27.144615675146508, 2.7698244036879234, 49.95213350720487, 66.33715983389835, 15.11114165639813, 1.5400113343944706, 0.9451426193676858, 2.034049209165542, 5.552142588810873, 14.204169862312225, 152.00239399121966, 4.230853497514742, 2.6426732877799703, 90.10177747281297, 1.0474012558965677, 164.86241949314538, 3.244412928898569, 3.3866004253624444, 1.7800969023097681, 2.336584547073784, 195.65600023345888, 178.71691766709836, 3.161507708115826, 22.49720445409538, 3.171978171485333, 44.166069690256336, 1.1562747657381975, 1.2001994133318483, 3.1118373879102754, 2.261885378894322, 178.31199635385647, 67.41393246449331, 32.39350368214531, 199.03141245843048, 196.3621298057331, 3.7366590763347194, 1.992347009683697, 199.70639631186867, 151.6535518782643, 2.3058208004842053, 1.4835063865410891, 1.063442417032445, 3.063626343050589, 188.981027272064, 2.886926941753434, 55.939325762680134, 58.63053022535667, 1.089622945409782, 8.155856239350634, 11.075142521505132, 1.7505640654556252, 81.47128357871026, 114.76605554801557, 6.686305133130967, 1.622588537737664, 1.8153242759331638, 124.56040445931599, 0.923871814685912, 4.457504982594295, 4.077309926330252, 5.5675639151279475, 4.723677117787723, 3.9817149233575266, 5.212407447172935, 1.7996045119332211, 1.6205125466914485, 144.0917607913862, 18.364289417210795, 50.25724927298787, 23.695847831982846, 1.4873458319964652, 1.1784383485523946, 105.06728379162513, 15.180023102478586, 2.167357348603863, 1.641125948739639, 2.0856133374747445, 6.849028725192155, 4.837583716923915, 194.00137272556367, 2.873188915832429, 2.219299167319612, 10.199519884453409, 9.346552536901388, 1.4472274456288396, 1.4721176855229967, 5.0774858585486635, 2.481747058695531, 1.4455504998264832, 1.542385144389485, 191.4458705045675, 6.506025922252128, 2.87863605092606, 161.53753959836112, 3.4715103817250617, 1.51462109362137, 2.134248116063934, 5.337323951185968, 5.851569627062127, 1.9230853243579882, 9.476896247344651, 5.257577261184068, 22.89115110782258, 2.2726163608165484, 119.01710737706317, 1.7620414176332322, 1.6079991467310992, 2.845882609949403, 2.2122367631039412, 1.4147136942007983, 3.0020213545616157, 2.3641733627476413, 1.405666676710209, 1.5730959586168294, 1.042836225739477, 3.188396719678285, 14.594970091685346, 2.7950235919086874, 3.673097070468667, 3.8501038584916127, 1.4282662910317454, 5.010981361095189, 10.917436444229464, 2.733586121994389, 4.161093243971203, 1.6611621517725645, 1.2009252365682583, 20.51472228433179, 2.3905060228588324, 0.9217045804618915, 1.8883233402736386, 2.1682891094080463, 130.89356716751385, 21.80731634589296, 1.7861261123587107, 3.2627129459884423, 47.08661579008936, 3.7676512908419646, 50.27522131399174, 2.3900345247307517, 10.64625018246615, 8.423013265038088, 1.477167132002598, 1.9460798419510417, 129.04549024432686, 192.6790239728556, 169.003245070627, 2.642988564224799, 2.079560831188638, 196.18369365423388, 4.673618628806038, 8.28027699012851, 85.38848434204807, 1.932271705793632, 1.6281488225734793, 1.991830736767747, 3.353748515326624, 1.7379958416272236, 4.462820216671169, 5.156611542863521, 166.82767462404303, 9.872922768466868, 2.152122187476217, 1.6544399691614076, 2.948681533802272, 2.8814525189258577, 2.3109810144656464, 2.110301365918339, 2.0626519246719597, 5.425214356888516, 1.6262772435904418],