{"name_model": "hopper", "task": "hop", "label": "depth=3_", "num_episodes": 200, "batch_size": 128, "duration": 200, "actor_learning_rate": 0.0001, "critic_learning_rate": 0.001, "hidden_size": 64, "hidden_depth": 3, "gamma": 0.99, "tau": 0.01, "rewards": [0.0, 0.0, 2.6310691674774866, 0.0, 0.0, 0.0, 0.0, 0.0, 0.0, 9.782151364012837e-05, 0.0, 0.0, 0.0, 0.0, 0.0, 0.0, 0.43845099090876005, 0.0, 0.15193564771665125, 0.0, 0.0, 0.0, 0.0, 0.0, 0.0, 0.0, 0.0, 0.0, 0.0, 0.0, 0.0, 0.0, 0.0, 0.0, 0.0, 0.0, 1.8261494018848654, 0.0, 0.0, 0.0, 0.20067090238290664, 0.0, 0.0, 0.0, 0.0, 0.0, 0.007092172121942686, 0.0, 0.0, 0.0, 0.9760009184260993, 0.0, 0.0, 0.0, 0.0, 0.0, 0.0, 0.5229490868880493, 0.0, 0.0, 0.0, 0.0, 0.0, 0.0, 0.0, 0.0, 0.0, 0.0, 0.10474704948879654, 0.014481526524455113, 0.0, 0.0, 0.398338568541438, 0.0, 0.0, 0.0, 0.026365479314249485, 0.0, 0.0, 0.0, 0.0, 0.0, 0.0, 0.0, 0.0, 0.0, 0.0, 0.0, 0.0, 0.0, 0.0, 0.0, 0.00010334230572761616, 0.0, 0.0, 0.0, 0.0, 0.13220004688556386, 0.0, 0.0, 0.0, 0.0, 0.0, 0.0, 0.0, 0.0, 0.0, 0.0, 0.0, 0.0, 0.0, 2.942500042701912e-05, 0.4994881036747322, 3.4371793747253228, 0.0, 0.0, 0.0, 0.0, 0.004830591827398978, 0.0, 0.0, 0.0, 0.0, 0.0, 0.0, 0.0, 0.0, 0.0, 0.0, 1.5264723787648853, 0.0, 0.0, 0.0, 0.0, 0.0, 0.0, 0.0, 0.0, 0.09048901237383422, 0.0, 0.0, 0.0, 0.0, 0.0, 0.0, 0.007051364736459953, 0.0, 0.0, 0.0035592019199019997, 0.0, 0.0, 0.0, 0.0, 0.0, 0.0, 0.0, 0.0, 0.024047193510276288, 0.0, 0.0, 0.0, 0.0, 0.0, 0.0, 0.0, 0.0, 0.0, 0.009382395254816767, 0.0, 0.0, 3.6606876209367742, 5.610723103508592, 0.0, 0.0023577748630656536, 0.0, 0.0, 0.0, 0.0, 3.411279407491448, 0.037594448430310456, 0.0, 0.0, 0.0, 0.0, 0.0, 0.0, 0.0, 0.0, 0.0, 0.1995291918809795, 0.0, 1.1875898349889331, 0.0, 0.0, 0.0, 0.0, 0.0, 0.0, 0.0, 0.0], "avg_rewards": [0.0, 0.0, 0.8770230558258288, 0.6577672918693717, 0.5262138334954973, 0.4385115279129144, 0.37586702392535526, 0.32888364593468583, 0.2923410186086096, 0.26311669889911266, 0.26311669889911266, 0.26311669889911266, 9.782151364012836e-06, 9.782151364012836e-06, 9.782151364012836e-06, 9.782151364012836e-06, 0.04385488124224002, 0.04385488124224002, 0.059048446013905145, 0.05903866386254113, 0.05903866386254113, 0.05903866386254113, 0.05903866386254113, 0.05903866386254113, 0.05903866386254113, 0.05903866386254113, 0.015193564771665124, 0.015193564771665124, 0.0, 0.0, 0.0, 0.0, 0.0, 0.0, 0.0, 0.0, 0.18261494018848654, 0.18261494018848654, 0.18261494018848654, 0.18261494018848654, 0.2026820304267772, 0.2026820304267772, 0.2026820304267772, 0.2026820304267772, 0.2026820304267772, 0.2026820304267772, 0.02077630745048493, 0.02077630745048493, 0.02077630745048493, 0.02077630745048493, 0.0983093090548042, 0.0983093090548042, 0.0983093090548042, 0.0983093090548042, 0.0983093090548042, 0.0983093090548042, 0.09760009184260993, 0.14989500053141486, 0.14989500053141486, 0.14989500053141486, 0.05229490868880493, 0.05229490868880493, 0.05229490868880493, 0.05229490868880493, 0.05229490868880493, 0.05229490868880493, 0.05229490868880493, 0.0, 0.010474704948879653, 0.011922857601325165, 0.011922857601325165, 0.011922857601325165, 0.05175671445546896, 0.05175671445546896, 0.05175671445546896, 0.05175671445546896, 0.05439326238689392, 0.05439326238689392, 0.04391855743801426, 0.04247040478556875, 0.04247040478556875, 0.04247040478556875, 0.0026365479314249484, 0.0026365479314249484, 0.0026365479314249484, 0.0026365479314249484, 0.0, 0.0, 0.0, 0.0, 0.0, 0.0, 1.0334230572761616e-05, 1.0334230572761616e-05, 1.0334230572761616e-05, 1.0334230572761616e-05, 1.0334230572761616e-05, 0.013230338919129147, 0.013230338919129147, 0.013230338919129147, 0.013230338919129147, 0.013230338919129147, 0.013220004688556386, 0.013220004688556386, 0.013220004688556386, 0.013220004688556386, 0.013220004688556386, 0.0, 0.0, 0.0, 0.0, 2.942500042701912e-06, 0.04995175286751592, 0.3936696903400482, 0.3936696903400482, 0.3936696903400482, 0.3936696903400482, 0.3936696903400482, 0.39415274952278806, 0.39415274952278806, 0.39415274952278806, 0.39414980702274544, 0.3442009966552722, 0.0004830591827398978, 0.0004830591827398978, 0.0004830591827398978, 0.0004830591827398978, 0.0004830591827398978, 0.0, 0.15264723787648854, 0.15264723787648854, 0.15264723787648854, 0.15264723787648854, 0.15264723787648854, 0.15264723787648854, 0.15264723787648854, 0.15264723787648854, 0.15264723787648854, 0.16169613911387196, 0.009048901237383422, 0.009048901237383422, 0.009048901237383422, 0.009048901237383422, 0.009048901237383422, 0.009048901237383422, 0.009754037711029418, 0.009754037711029418, 0.009754037711029418, 0.0010610566656361954, 0.0010610566656361954, 0.0010610566656361954, 0.0010610566656361954, 0.0010610566656361954, 0.0010610566656361954, 0.0010610566656361954, 0.00035592019199019996, 0.00035592019199019996, 0.0027606395430178287, 0.002404719351027629, 0.002404719351027629, 0.002404719351027629, 0.002404719351027629, 0.002404719351027629, 0.002404719351027629, 0.002404719351027629, 0.002404719351027629, 0.002404719351027629, 0.0009382395254816766, 0.0009382395254816766, 0.0009382395254816766, 0.3670070016191591, 0.9280793119700184, 0.9280793119700184, 0.9283150894563249, 0.9283150894563249, 0.9283150894563249, 0.9283150894563249, 0.9273768499308433, 1.268504790679988, 1.2722642355230191, 0.9061954734293417, 0.34512316307848245, 0.34512316307848245, 0.34488738559217585, 0.34488738559217585, 0.34488738559217585, 0.34488738559217585, 0.34488738559217585, 0.003759444843031046, 0.01995291918809795, 0.01995291918809795, 0.13871190268699127, 0.13871190268699127, 0.13871190268699127, 0.13871190268699127, 0.13871190268699127, 0.13871190268699127, 0.13871190268699127, 0.13871190268699127, 0.11875898349889331]}