{"name_model": "cartpole", "task": "balance", "label": "depth=2_", "num_episodes": 200, "batch_size": 128, "duration": 200, "actor_learning_rate": 0.0001, "critic_learning_rate": 0.001, "hidden_size": 64, "hidden_depth": 2, "gamma": 0.99, "tau": 0.01, "rewards": [63.63296658427858, 83.03377530782653, 55.031773192078354, 56.7725427723993, 45.2746991030658, 98.28692578307553, 95.72693362241185, 116.74617031413452, 153.05531593227698, 65.2461856918281, 74.40190697313201, 100.84963921256067, 103.37632896541946, 81.34848900438584, 107.35377200153424, 82.39418828000125, 102.40106584863643, 111.62057082183885, 84.42716688076293, 73.98542521903862, 64.63737120255304, 161.44809766000716, 115.21510892983068, 151.5015334654249, 150.54194246210463, 85.81843917279129, 94.67004829936798, 109.02135903320257, 172.53904602906007, 93.4787313684277, 116.21322103442279, 106.85203197300395, 128.75215312816474, 148.49869922140164, 163.3119486032148, 124.38429307374011, 103.78385621814631, 107.48568091872916, 112.32253594796028, 105.96229026805472, 136.8010602499192, 148.02294931516778, 162.86144806812644, 104.95360634438359, 173.23735667423722, 177.32291867838842, 89.38203653372365, 170.4841333339357, 77.57213534033596, 179.07376922585638, 93.99197085198645, 177.78790440620037, 104.78172512723405, 111.52674729398672, 169.533749170567, 173.99853566708939, 162.46446359073855, 114.00102861074228, 174.86488492338597, 176.12442086010836, 115.87736457588656, 180.5090940014365, 171.68907891265746, 138.43000325179852, 157.0698352427769, 102.27719237689196, 110.15656393399696, 173.4114312873419, 137.68884804686124, 180.69537565904307, 70.60294528255912, 168.68851093105837, 132.00998632624453, 86.57737566157743, 158.10973305509683, 186.22090523564162, 182.78405629858878, 182.4137739808131, 117.25341783599188, 106.8406118883351, 159.4100878709927, 118.09972929821576, 102.3774252506401, 112.3286594520662, 163.10040477075506, 155.3279579168912, 82.96890449580818, 175.4974450034153, 171.2129641474455, 181.68697626832744, 182.0283014986293, 170.17020622233682, 116.2433256428166, 175.87659839244543, 103.56144664641, 142.15374836004548, 184.97128005705375, 181.39238548889836, 146.2939893842673, 164.62401258775964, 162.44014332613756, 153.42007973062607, 173.7624773658133, 183.19590246252164, 135.5077953341333, 169.2694812346281, 169.06300635326673, 137.37671008384717, 179.16549233199848, 179.55745383973024, 97.78544752444886, 115.114253049336, 177.00676281797786, 178.4584751561292, 182.59385387795467, 124.03901086167664, 179.1473673361402, 138.1765682500992, 176.14773707606184, 172.76332218751065, 184.7186194394263, 171.12183658843264, 103.39243506688953, 131.91399028944846, 107.16308492469935, 186.56448343879404, 115.08283452651014, 177.57324880170614, 176.8181266627902, 95.22446043438909, 171.31350048890363, 139.9665988560075, 177.76592226138942, 162.36229272601108, 180.05851440325748, 181.96304955283645, 172.37888338177157, 164.9451406449328, 125.49322171141478, 107.65499839000417, 185.2581762721397, 112.81564462227898, 177.70846122483402, 179.57497762725646, 111.78331713916891, 170.92167750253088, 102.04459310557453, 178.63859177684571, 170.890211322567, 172.51249601186782, 107.25648841011885, 107.43238164531466, 104.29227133855814, 172.2170299224031, 169.2865403913159, 176.95007162784032, 180.4670935271692, 155.68293704794775, 182.64081614287534, 125.53586734245452, 167.1345326771448, 112.10520706840214, 180.92216112093854, 174.03385844975037, 111.43833400277212, 100.24063374104104, 183.3834742467981, 185.02098685163813, 164.01724867511905, 118.6385630508565, 172.11202080649102, 105.45507639849961, 178.14287017428322, 119.88862243878171, 177.6132661647015, 132.94688600101165, 112.5021185034867, 179.75618539688293, 113.86235227996819, 131.34732133474472, 163.4816572395616, 142.19408313132055, 100.76025130722951, 154.43973221591364, 172.24290979730728, 176.45014059862845, 178.29202213615338, 105.5348038849316, 135.81310518100364, 97.77651829882257, 158.96549349351383, 92.71685198583963, 168.25319473989921, 149.00157429648385, 146.38621157674913, 142.39796638297585, 161.49582134278094, 133.75287065434617, 134.60364513283068, 155.7623912644512],