{"name_model": "walker", "task": "run", "label": "depth=2_", "num_episodes": 200, "batch_size": 128, "duration": 200, "actor_learning_rate": 0.0001, "critic_learning_rate": 0.001, "hidden_size": 64, "hidden_depth": 2, "gamma": 0.99, "tau": 0.01, "rewards": [3.5329155960659926, 5.825911160856338, 3.5753593630012075, 5.677832639407145, 5.340470552082617, 6.202542581599165, 6.217106504384031, 6.644589797305514, 3.53820378833261, 5.348829825992049, 3.618995383334519, 10.443328108093947, 3.968609350775952, 4.906696983566443, 4.27205188696589, 11.672478438472, 6.558476956703725, 7.438312490830343, 4.550542830405983, 6.689874876912933, 9.46551770650767, 4.729933805143589, 4.461556897327142, 4.503731444032872, 7.9073418358535195, 5.164228632849514, 6.195414043292143, 6.786633717901307, 3.6730714399336444, 7.6253037729912885, 6.17167331653942, 5.861117799522714, 8.722306541744105, 6.714984795284202, 5.959745130373953, 6.693312164945994, 8.26112256572388, 6.357969393280953, 8.782109290003312, 5.812655299739145, 3.4104009432495292, 6.762522317514209, 15.306639959001588, 5.486261497013969, 6.3696426902862315, 3.40899707300244, 8.475083808774126, 10.006363855584269, 2.866380325919046, 9.650639678613507, 9.589614968511684, 11.352013386479038, 8.92363414753933, 2.4690801562026583, 10.027730189441938, 9.067605357983815, 8.476376055993601, 7.945488272098122, 3.417513602804881, 9.861368648436764, 5.1581023043846175, 8.796674210611279, 12.576650623544111, 14.208515589302039, 11.526665479679055, 4.812793858416812, 4.93224247289982, 13.398300048106963, 8.553029265820165, 9.431289565287557, 9.13186789739459, 9.771889881470388, 5.429424745529484, 9.369352764800144, 2.8402011583626328, 9.853804529704167, 7.901893924679637, 3.5462661622764733, 9.062462652910732, 6.592679726047139, 10.327659957041682, 8.713345819901692, 12.149765992577771, 13.331511621666152, 8.889682831857103, 5.172456623912465, 11.065857358606696, 2.8876357899281926, 3.6093760597521776, 3.3755717896012, 3.463962577089281, 4.850710058194502, 6.206009470391956, 5.077599207733388, 6.264173868704532, 4.181859432896786, 4.362408298108284, 6.217578617704522, 5.522594218791863, 6.710772872263774, 12.799129705003498, 6.620162571130712, 6.6620305688667765, 6.813860376877907, 9.38985934575237, 12.905618059839039, 11.611439023263785, 8.917438778648242, 12.180159399350979, 11.097798706161866, 10.434064403680695, 7.430485172535298, 5.96008348138486, 14.510452846249454, 13.812306988061344, 14.341331880713238, 8.7869805695699, 20.107616937874372, 9.001820769678357, 3.005929678439235, 2.8510705873271394, 8.30133758460731, 11.044531972318548, 10.426777595962266, 6.743240127428982, 5.388485208607512, 5.263930977028327, 7.442522827090878, 9.194720957579142, 5.773025080099966, 7.798838268635818, 14.9563300967126, 9.846461826132918, 15.51055865877819, 6.865736479254561, 9.237061120921124, 9.908995197608874, 14.462888623628736, 8.735655473223462, 10.393653972064737, 5.6260368035624015, 5.0663705731817, 16.024710277320168, 11.672996937539525, 11.041327507121064, 14.03965845069054, 10.24828171888387, 12.973013729497426, 10.386838437477294, 18.4290024178787, 7.626770453852712, 13.53125046428175, 11.51257531835723, 19.615714488335417, 12.199905523932115, 9.89476739307318, 11.826298918681948, 11.157366206920555, 12.359371080493814, 10.446114731344528, 18.65298534811821, 10.608168390939886, 12.03896093234845, 19.864600761356538, 13.314566627226858, 15.119642503419806, 18.996252839099576, 12.543441793409682, 18.044561837724633, 19.444639414420134, 9.856133526391993, 7.0263729653315306, 14.74740796071176, 7.984867396176072, 14.481497835959319, 10.543665947709448, 11.971893393180471, 15.141897708274927, 17.38771021818093, 15.874172462733947, 8.866030788253589, 12.863165650263058, 9.278430419260346, 10.311860429564828, 11.280564773339094, 12.65039073048234, 14.789321995591717, 18.3993276064744, 16.687265078512187, 9.878472585295349, 14.95916607295997, 15.545498027569884, 13.904313080067627, 15.115756433591004, 15.095772898565595, 10.327670564147576, 26.475535236206362, 17.099313202637596, 17.24205486553193, 20.21557244543054], "avg_rewards": [3.5329155960659926, 4.679413378461165, 4.311395373307846, 4.653004689832671, 4.790497862282661, 5.025838648835411, 5.196019771056642, 5.377091024337751, 5.17277022033718, 5.190376180902667, 5.19898415962952, 5.660725854353281, 5.7000508531307545, 5.6229372875466845, 5.516095421035012, 6.063089006722295, 6.097226051954264, 6.176598321306749, 6.277832225514085, 6.411936730606174, 6.996588962923489, 6.425249532628453, 6.474544287283573, 6.434247733330214, 6.797776728218977, 6.14695174765673, 6.110645456315571, 6.045477579022668, 5.957730439975434, 6.051273329583269, 5.721888890586444, 5.835007290024357, 6.261082254466053, 6.482207589591186, 6.287447919043229, 6.4403562722528775, 6.646927124496051, 6.6040606920340155, 7.114964477040982, 6.933699629715768, 6.657572392386778, 6.747712844185928, 7.406146185911678, 7.283273856084653, 7.32426361207588, 6.995832102881525, 7.01722822718655, 7.382067673416882, 6.7904947770084565, 7.174293214895892, 7.792214617422106, 8.251163724318591, 7.612863143172365, 7.311145009091232, 7.676953759006804, 8.242814587504942, 8.242943812226889, 8.036856253878273, 8.091969581566858, 8.113042478549183, 7.669891212136475, 7.4143572945497, 7.779658942150178, 8.953602485460117, 9.103496014483829, 8.678014864527128, 8.323601506217749, 8.868882683818633, 9.382434250120161, 9.339426341805241, 9.73680290110624, 9.834324468192149, 9.119601880390686, 8.635685597940498, 7.767039165808855, 8.271140232937592, 8.568105378115572, 7.582901989532523, 7.63384532824158, 7.349984344317538, 7.469563550282248, 7.3637091441253775, 8.035743268830206, 8.431959154516807, 9.036907321866256, 8.568772531287085, 8.88516887467979, 8.819305837444961, 8.273997178129108, 7.952286384484512, 7.265916646489272, 6.879653070318554, 6.285277418099971, 5.4598861767066955, 5.197335280391439, 5.098275561289871, 4.427930655240031, 4.760924938017664, 4.952246753921632, 5.285766862187889, 6.21928357497931, 6.396228826272931, 6.441830936120414, 6.615457053034865, 6.928025600739649, 7.800401463433874, 8.525304535949425, 8.795290552043797, 9.461047070099708, 9.899749653489518, 9.663243123357237, 9.744275383497696, 9.674080674749503, 10.443739921686657, 10.885984685917554, 11.029556068004977, 10.747110222635587, 11.866128038558202, 11.548294175590938, 10.739107272818675, 9.980807891183321, 10.067893132390521, 10.57633798148389, 10.167970456455171, 9.461063770391934, 8.565779103181361, 8.213474143927204, 6.946964732848857, 6.9662547516389335, 7.2429642918050074, 7.737741059935876, 8.403240311146405, 8.283433296527843, 8.791811402809433, 8.804061037991993, 9.188918629223354, 9.653425051281408, 10.355461630935192, 10.309555082499624, 10.771617971696102, 10.554337825188762, 9.56534187283567, 10.183166717954396, 9.79941054583053, 10.216969648617178, 10.697229381594122, 10.73115803372162, 10.58217054430849, 10.747288840733873, 11.550823685315269, 11.750897050344301, 12.597385039454306, 12.146171543558014, 12.9404432986376, 13.056301100318706, 12.64181199455697, 12.799613714536777, 12.61804896227909, 12.81530222658074, 12.017013457927325, 13.119634947353877, 12.82732674001969, 12.87996530141881, 12.904853928720922, 13.016320039050395, 13.538807550085059, 14.255802942126824, 14.394410500775734, 14.962929576498817, 15.862782044806377, 14.983096862633754, 14.62491732007292, 14.895762022909249, 13.707788686391206, 13.824481807264451, 13.366884151693416, 12.664448207101502, 12.92429379858803, 12.858608636633658, 12.50156194146504, 12.4025516676512, 12.986230936144352, 12.43933318199921, 12.672032485338086, 12.351939179076064, 12.562611657353354, 12.844354517594477, 13.170097507414425, 13.100052993447552, 12.50048300570369, 13.109796534174327, 13.37802977190501, 13.840618037985738, 14.321007638388357, 14.702528450911007, 14.470256434277534, 15.638877758338996, 15.508876317955316, 15.564355296657292, 16.598065282670813]}