{"name_model": "cheetah", "task": "run", "label": "depth=3_", "num_episodes": 200, "batch_size": 128, "duration": 200, "actor_learning_rate": 0.0001, "critic_learning_rate": 0.001, "hidden_size": 64, "hidden_depth": 3, "gamma": 0.99, "tau": 0.01, "rewards": [1.075006164966831, 5.094427273771999, 6.69897919409626, 3.0865296519199745, 3.1338640206212647, 4.890537291719312, 9.226017795112014, 4.387904241800101, 1.745626894452403, 4.494173154354712, 6.134637022763221, 11.422294843953107, 4.046595018573388, 3.082850817798456, 6.096854620956444, 5.103079157800641, 9.951425796634211, 4.14856797986321, 8.467477252246013, 5.6436761979667, 6.8692720233979125, 8.418561241692764, 10.767443793007585, 11.322573885655313, 5.9565892632299295, 5.119661313328527, 12.743341609205608, 10.685062126424405, 5.7810083668510055, 1.779435456371343, 4.585871275885744, 0.15081438114869217, 3.471226895587709, 7.530724659437891, 2.899636592677577, 0.5781149255803314, 1.84107029954934, 8.834839843131945, 0.23045306834877677, 5.541560329025631, 1.3500841494123632, 5.349712750930254, 3.1020896241297304, 0.4609058348818271, 2.4627613938676722, 2.959534248584056, 2.805830733473725, 3.928396174366645, 7.256531907550742, 1.55172379661597, 2.1948509672326066, 3.5105478375003374, 3.8231639117110148, 1.7927340603495545, 12.143674414815628, 1.7475377657174544, 5.754825666598336, 5.759570735206467, 5.607809905447593, 5.755639303678349, 2.59518044142002, 6.939828756428094, 1.787679412110458, 1.1569141193767347, 3.6406538258793724, 1.3190474679131836, 5.942591138083707, 2.5529986036213486, 5.96310190275016, 1.506035080037489, 1.1317283552260982, 2.70051772436421, 3.4507523754797504, 1.1492595668629106, 8.532600297199892, 2.816791898142178, 3.7259741816418765, 2.772455633069235, 2.0603916322087485, 2.43823400706703, 9.821223995904768, 4.970905120629036, 4.640899626061955, 4.535499388725892, 3.5474985829246037, 8.091431737964315, 0.6437100940367714, 3.733608758448668, 2.2707053591547623, 2.107885545907328, 4.866010588199675, 6.0875544594183415, 3.431597855602328, 4.0061667255492726, 3.7860681505890437, 1.785488078642847, 8.587643575132617, 4.664049232674447, 2.609183251870017, 2.7552133676799024, 0.66637862521644, 1.5431752504822045, 4.071281919919533, 4.873614107179685, 6.293242997314187, 11.645608008146649, 11.64532969775512, 13.26628098768812, 12.115325571293376, 12.360454299152373, 15.389378459690965, 11.361805730111058, 8.970714243061346, 9.568134434780115, 6.304596414692444, 8.093140923901533, 23.607296077865033, 4.419459470291098, 19.831191268368322, 9.468439804434857, 6.23416388007614, 2.2352013642476214, 5.792069673519022, 7.272134489396497, 11.355688202136914, 3.8936949683838677, 5.5214748712211525, 13.979454163354662, 19.146113921024345, 3.4438449991677906, 15.0530820072691, 13.273638816291559, 13.524296673336451, 11.055515967412731, 9.955145202632586, 11.675633653846301, 5.176930331981412, 5.755153587661094, 2.528194012482152, 7.492472424400685, 10.217963643744397, 5.613004046644927, 9.008792240258547, 8.243202586740464, 6.114975268471074, 8.789198487484892, 13.504390768938116, 8.119168297059495, 12.437574817850429, 2.9952899430296798, 9.933928266405466, 4.309530094637147, 8.321491993968678, 11.94488754832361, 8.089879891760738, 14.545925763634106, 11.50008736346849, 15.158488683258204, 12.96335010864122, 15.351297950387394, 7.324159095775959, 8.760347336031847, 5.832288150028038, 2.7251636873903715, 4.360067622995754, 3.3861005189686555, 10.85336639369829, 16.32278395643969, 6.911151478772324, 6.1285872983350815, 3.8204717879049848, 4.255738157856875, 19.575719262976218, 10.713545090028092, 6.51088403042804, 10.865936933774599, 15.130045599687236, 10.384093612558642, 14.464064433574102, 15.68180146782779, 16.197539812877395, 7.925518692178236, 12.965260358013307, 27.19678030345256, 20.934417210004742, 15.247697962479567, 19.81746254817364, 17.813480775060945, 7.506074419138753, 12.942089786307637, 34.675573478411614, 14.79666907059579, 20.02758724579615, 22.814055003620133, 6.8252732680706245, 19.229815383034296, 13.036518627055198, 15.504331464475454, 11.664475314630314, 7.42574139043737], "avg_rewards": [1.075006164966831, 3.084716719369415, 4.289470877611697, 3.988735571188766, 3.8177612610752663, 3.996557266182607, 4.743623056029665, 4.69915820425097, 4.370988058717796, 4.383306568281487, 4.889269654061126, 5.5220564110792365, 5.2568179935269495, 5.256450110114798, 5.552749170148316, 5.574003356756449, 5.646544156908669, 5.622610530714979, 6.294795566494341, 6.40974587085554, 6.483209370919009, 6.182836010692974, 6.854920888136394, 7.67889319492208, 7.664866659149429, 7.6665248747022146, 7.9457164559593565, 8.599365870615475, 8.330718982075975, 7.944294907916441, 7.715954833165222, 6.8891801471108165, 6.159558457368828, 5.780373534747087, 5.47467826769185, 5.02052362891703, 3.930296497951403, 3.7452742696221577, 3.190218739771935, 3.5664312270373637, 3.2428525143900258, 3.762742351368182, 3.725828624222384, 3.018846741766778, 2.975159221885787, 3.21330115418616, 3.3097771975785983, 2.819132830702068, 3.521740714622265, 3.1227570613812987, 3.207233743163323, 3.0233172518203313, 3.0954246805784598, 3.2286075031252324, 4.196698805220028, 4.075499156933367, 4.3703986502458285, 4.553516106329811, 4.388643906119496, 4.809035456825734, 4.849068404244475, 5.191996496137252, 4.988448046177195, 4.9248660520799135, 4.074563993186288, 4.031714963405862, 4.050491510554398, 3.729834297395886, 3.7653634971261427, 3.340403074762057, 3.1940578661426646, 2.7701267629362762, 2.9364340592732057, 2.935668604021823, 3.4248632511538752, 3.5746376941767743, 3.352975998532591, 3.3749217014773807, 2.984650674423239, 3.077870567126193, 3.9468201311940603, 4.173858870820542, 4.2928735958787625, 4.631497578065061, 4.1329874066375325, 4.6604513906197464, 4.352224981859235, 4.448340294397179, 4.46937166709178, 4.43633682097581, 3.9408154802053006, 4.052480414084231, 3.9315502370382682, 3.878616970720606, 3.9024739274870504, 3.271879561554904, 4.066272909664488, 4.159316957087066, 4.193164746358591, 4.257897528535849, 3.837934332237525, 3.383496411343912, 3.447464817775633, 3.5342095559386735, 3.784927040611188, 4.770939033561568, 5.076707645823818, 5.936930821325186, 6.887545053267521, 7.84806914641477, 9.32036912986222, 10.302232177825106, 10.79217541013929, 11.261627442899332, 11.262762784637157, 10.907516076212644, 12.103712714223636, 11.219030562483933, 11.990617132191428, 11.701415682719677, 10.785894224758195, 9.87323378817185, 9.55536933121762, 9.325769336679256, 9.830878515423704, 9.410933919871939, 7.6023517992075496, 8.558351268513906, 8.489843533779506, 7.887384053252802, 8.769275865972096, 9.873119611176492, 10.646342311158234, 11.024680458959857, 10.884626159009425, 11.66282002755567, 11.628365573631694, 10.805935516062338, 9.144143525208118, 9.549006267731407, 9.065494431378937, 8.299430954414273, 7.847880511106483, 7.566649173039257, 7.182632179623106, 6.893988662986965, 7.726734706682635, 7.963136177622476, 8.954074258159306, 8.504356010022203, 8.475952472288308, 8.345605077087532, 8.276875052458546, 8.647043548616859, 8.844534010945825, 9.420206738560745, 9.219776398013783, 9.923708436633655, 9.976285965712734, 11.211886766448504, 10.950909849385553, 11.395991573525023, 11.14707118913096, 10.225098803037637, 9.852117576161138, 8.736135051694593, 8.671462954717574, 8.787892482035723, 8.182672619048832, 7.2604015538436, 6.910032823056502, 6.459571905239007, 7.833915016533824, 8.632753156797596, 8.847834797540825, 9.59581843902142, 10.023486359620316, 9.42961732523221, 10.184908620712386, 11.140230037661658, 12.377936840158899, 12.744914893591034, 12.083869003094744, 13.732192524437192, 15.17454584239486, 15.612721945265358, 16.081463640114, 16.824402356364228, 16.128603354920692, 15.854632186768677, 17.7024355533221, 18.389550591163854, 19.09578327994214, 18.657510749958895, 17.246596355765483, 17.644808097820956, 16.966713705709115, 16.735798774650565, 17.15163886419972, 16.600004024612694]}