{"name_model": "cheetah", "task": "run", "label": "depth=4_", "num_episodes": 200, "batch_size": 128, "duration": 200, "actor_learning_rate": 0.0001, "critic_learning_rate": 0.001, "hidden_size": 64, "hidden_depth": 4, "gamma": 0.99, "tau": 0.01, "rewards": [4.160775844648062, 13.258891572008672, 5.483024581456286, 6.9016229446946635, 1.8180259100623433, 3.717942543746479, 6.304250413864967, 3.832354648485939, 12.50563042691774, 19.98732407064276, 5.800540073782646, 14.440936629364668, 18.86698405362046, 7.765964592694232, 8.45536319676619, 17.212060299724808, 20.50001612234473, 17.657217571469968, 7.55617053285202, 12.196487844548763, 20.703879543149775, 6.247889908872515, 5.1998815043674025, 7.231269951873104, 14.36034360809644, 12.498801724557472, 5.661404754386641, 10.683706264440627, 9.075785413060938, 15.786337188345076, 12.826405419865505, 18.811631277973976, 3.92084006267178, 9.674845944497276, 7.674237833499285, 9.214883674318887, 0.5534679417796234, 6.81463171860875, 11.393501990984227, 8.805855815432048, 15.70790208501651, 19.87133553534381, 2.4289861828288575, 12.290950002922447, 8.00728177215677, 9.436472299345997, 14.681419737400804, 9.607193179542946, 6.521272245300749, 14.34609280829119, 4.989254774673241, 3.8954857630071755, 10.066564747520772, 5.380635415999034, 15.485540716494134, 13.482817455945277, 5.036004333671787, 4.301113777576902, 7.4976969090556445, 3.5017231018034334, 2.375556550805795, 2.867454100532183, 5.026140063817205, 9.885430822351601, 11.331065135753148, 22.888321397028704, 16.013422141507462, 2.6752240534244898, 5.55475010347291, 2.1314137635743515, 8.750488578267984, 5.731486008713133, 11.22824910974801, 3.8999017959697033, 7.519031552040288, 20.871921142014774, 15.854187427613182, 12.100588414302246, 5.996808703677387, 4.253674017999044, 12.863219378889536, 15.838699410348426, 14.81143994800097, 22.090297826434558, 34.04730545643231, 22.615084217216058, 34.0854720885752, 33.015542458007495, 23.73001075521009, 19.24670418958867, 24.071396517710966, 28.014182553523945, 29.650034906423105, 17.992146718295377, 22.832181944514225, 3.7435671265515333, 7.08124032200188, 16.961644622166723, 25.007827276978617, 32.15199316288408, 15.60828420450851, 9.728508122196734, 13.09425288435875, 13.139434260599458, 7.784720751635765, 12.738857993676612, 11.691134702597996, 8.16884529770106, 13.424532442857654, 12.598737295641753, 19.71896747612456, 28.416651664562096, 24.222545492980334, 35.982847220127105, 41.01905997847132, 19.014624408651358, 21.369988618730588, 29.947759294545794, 7.382765270281001, 24.28228740907717, 13.044821988731071, 15.57086526158885, 23.85739390310387, 20.843293781142815, 14.990323445636994, 9.726994448294407, 24.88386153055068, 19.59785336285003, 35.9609264839404, 19.205638767352454, 27.202576228751838, 27.032573494453725, 17.700439444942, 25.46340550286906, 20.823611055238867, 33.64826243042667, 42.20132259364875, 11.655245086784092, 22.154205192785867, 16.376621841090202, 38.74440292406107, 9.07391679386095, 26.006400831877116, 18.157763387928966, 29.738897067869576, 24.604717757513306, 20.989769151637326, 16.594349373900982, 22.07652190748574, 30.423149030970837, 27.101295525202563, 37.66301099699508, 11.137836321989612, 15.687200487636987, 26.484901680751282, 16.95148875321929, 22.235673159772904, 26.46319406175529, 28.338136683008166, 9.926594381819475, 26.717907675455205, 22.023947492552296, 27.89103765420457, 28.206763962899654, 19.69224813378793, 20.82103289968812, 13.957602620524098, 43.64391356244342, 28.620169039213184, 41.91795168121522, 12.933650755470987, 39.94194688334985, 21.40526181184745, 27.63297701454221, 23.752053996083735, 42.953319388545395, 16.462030214420203, 23.84516186122248, 21.378370085829854, 37.79003253053915, 23.68887123772408, 31.476370249143677, 34.38331066632299, 30.130529140114678, 16.079594516330772, 12.496625242512916, 44.012815180855554, 25.062830458655068, 41.31887247106791, 27.762190951645447, 44.874438060549636, 31.066585629780853, 31.50984517929935, 42.59296023086349, 23.294237103153677, 42.40571358509774, 23.924450761895805, 30.949461498794296, 16.135214973087002, 34.039949425621295],