{"name_model": "swimmer", "task": "swimmer6", "label": "depth=1_", "num_episodes": 200, "batch_size": 128, "duration": 200, "actor_learning_rate": 0.0001, "critic_learning_rate": 0.001, "hidden_size": 64, "hidden_depth": 1, "gamma": 0.99, "tau": 0.01, "rewards": [4.864624153783321, 2.2867069300482123, 3.341871609416563, 1.5743997794552493, 3.0881017366630017, 1.601041114305378, 1.1581999073169467, 2.0135477596115288, 1.216548421744633, 3.4800220496477965, 1.8831293109185379, 1.5537725436877152, 1.0434740063736625, 5.94793102603316, 1.19387122188706, 1.027260407955316, 2.39853414520134, 2.131785012159516, 195.303192489541, 31.055646504178355, 1.2670901265520111, 1.5180934834912128, 1.3296529352469846, 0.9881461651757535, 5.275764334824949, 10.986705364203141, 5.276562434325407, 57.299708188212215, 9.552245851254463, 140.37266585270453, 185.62084784680292, 1.9549013898209637, 1.6079763148592718, 12.767761270277186, 1.9137335375412337, 1.3436112474379358, 1.3281520249625598, 2.088583731759354, 1.8530242808090212, 156.83611793439349, 1.22079555104862, 1.276212295151516, 4.3853231454996076, 3.0242775943527462, 59.1374571290636, 93.48778571313846, 1.0530140204285214, 3.4646345881599903, 2.2630203376457714, 1.1890005774869927, 22.160120725949852, 1.159412365258289, 1.7486583948670653, 22.699456878870887, 5.2870059082155105, 103.21181075421464, 1.8424288922867271, 83.03813794124956, 2.8786542134021382, 1.5337871566276093, 1.1913062171262205, 2.0709819522470694, 4.709656439470021, 199.43332779586743, 42.160609533523946, 9.641912642936513, 2.958670248019778, 15.74135981990424, 2.866331158778023, 1.6280365940592438, 4.871878410158762, 1.7434972613248245, 54.62644046227126, 119.49938726542176, 162.7393706066061, 1.7047203146875567, 123.66235285640515, 3.1530590820796895, 172.2385648912841, 198.5483277498814, 2.383128590971955, 1.1748585843454562, 13.018155532976303, 60.150378288801754, 29.954482622733977, 57.7613845700729, 157.56636180623232, 3.153284538272045, 1.0960668483909608, 1.9095901154749755, 1.5956624742822654, 43.44375553546908, 4.275814566437309, 2.222079248034085, 2.209672556606727, 33.06201893311012, 54.24391626310351, 49.983415637092925, 12.88237347871322, 1.607932186119264, 34.10812376704149, 193.42317160457617, 192.99155198381493, 2.3714324591026887, 2.9231860480470204, 96.39689024932753, 1.3521327697520389, 0.8146161307171419, 2.003459403957094, 5.175292163998452, 1.5964742278241082, 12.079846585600531, 4.395936946474006, 188.0711514703289, 2.3066163196868676, 2.316867544273917, 1.2434548048411256, 1.6252586326823888, 5.034467046724818, 1.4035716229816355, 1.0199071124040078, 4.586181723323805, 162.8092079394926, 168.32707969648786, 6.404290364078974, 1.729723011511, 1.5115315530339772, 11.614037883882018, 148.94703210273173, 1.1885343599726117, 1.0686102803339175, 2.607407718689939, 7.673401809220836, 1.7067158584229671, 49.17300524274466, 1.6122868590262107, 3.513181691721557, 160.2156356316622, 1.9886231363974969, 1.2018337061355397, 1.9016911585073062, 8.088744157744486, 148.80628677347715, 2.02158055445033, 1.756531956134165, 1.4177783350643327, 2.45043350038826, 4.096537755227445, 2.892800595341137, 2.2386808637919158, 1.720338110985662, 6.2694674478816355, 7.9594327135268905, 7.582680868942488, 4.605382477250969, 1.5966612715883468, 24.58678358820244, 3.568933125096972, 134.6800272014093, 1.6544023603674276, 198.972371452004, 10.887046980536168, 103.28069969817909, 12.844367854573571, 6.371497392263345, 1.2100831239510301, 1.1462912785357995, 1.897175591234138, 1.6565729557535436, 184.84706847642067, 23.998615538207225, 127.85272805320656, 5.273311558078529, 1.5241473917951445, 1.706471569336478, 36.24006543144964, 2.058906096076228, 1.5630427935711129, 1.674351727786023, 4.740661580974457, 22.42682013139257, 1.90674923315229, 61.471809406224565, 2.007776218445092, 1.3867051633990073, 1.803785797068863, 2.9226425956370536, 1.8357609186166872, 1.1044333994693847, 188.4381988297668, 194.0626835744887, 135.61754856410195, 0.9390568742475011, 2.0284366119846804, 1.0219317683348972, 1.2029935888971586, 33.69224980743086, 2.516505801534601, 3.0270900773833365, 1.670083032586022],