{"name_model": "cartpole", "task": "balance", "label": "depth=4_", "num_episodes": 200, "batch_size": 128, "duration": 200, "actor_learning_rate": 0.0001, "critic_learning_rate": 0.001, "hidden_size": 64, "hidden_depth": 4, "gamma": 0.99, "tau": 0.01, "rewards": [84.47593565632839, 87.57679016120679, 51.38965616121056, 65.67295730696735, 115.80458804334697, 85.4222090260326, 64.0029373778797, 97.07716842664968, 76.53056586701553, 82.90344392549329, 115.12252759537515, 114.24348646139885, 121.14089211317521, 86.11283626499235, 95.67604802110188, 76.06980303462977, 67.51631626854551, 117.91933125481148, 137.96459327668853, 128.5772166610191, 98.48318222989275, 114.64371755369025, 146.9602057335055, 142.14236158401084, 175.63601541262702, 118.72666800666957, 154.24063910379482, 94.19915981040153, 82.52246322853411, 177.4148057707384, 157.61315638486755, 109.29259497916044, 128.3591997260303, 146.99867843249453, 161.2859446250437, 125.01638281848739, 152.74116319268273, 126.16230149155149, 118.93492344463128, 124.46961835119066, 118.74198969655552, 108.42112098977944, 155.22567824616686, 81.42913209285372, 103.0165371543842, 175.4091590769978, 77.78701263971936, 102.04340628675088, 82.0608070324518, 168.8919751530496, 121.70017780455731, 166.5707584846571, 161.9958534082032, 81.20150699282367, 171.6057929012408, 77.68561085319989, 115.68047101361324, 158.865845142992, 119.2739174316298, 107.25365870294029, 130.9984626175965, 182.03942527646248, 110.54255780998207, 132.95647176328924, 108.7281606226207, 121.45122890753919, 101.46722133068279, 108.01938401470909, 123.22679202627506, 101.24238088456558, 173.73952673808452, 148.78579074984728, 137.68088989420937, 112.94625361673266, 176.71697471898113, 183.80463066953408, 67.53318423696155, 113.0531223478003, 121.77463770414319, 178.6548904607225, 143.3045541244303, 114.66244927265028, 177.88925407546316, 94.24991117957309, 126.79400412531815, 158.43262248399276, 144.32241877445603, 127.30945908712937, 177.7065434159255, 182.91261965900972, 178.5532114876803, 176.6003633839746, 172.07824032756542, 164.00734706434906, 179.3645306310153, 170.63887313428881, 90.64104423235294, 167.0741105879888, 158.22909863147072, 154.19277386377675, 138.2920250479184, 125.70659274014015, 175.33585530022881, 165.96972163322732, 103.68487153833047, 177.2249311821191, 107.19816786468473, 165.2984298749583, 168.74877938504173, 102.7109450549698, 173.59115657509045, 171.73025099356386, 180.28168597406602, 175.84840130024156, 173.73140859426425, 177.0555018597038, 123.61398280242403, 170.99243232391606, 99.91905130734361, 119.16962102376726, 170.67702671429774, 144.58041239743864, 130.64882813289694, 182.89812800631438, 67.52797948672374, 144.04948657742008, 161.92644645448857, 170.92959127621108, 168.32615161325248, 118.77068387083455, 112.81576504525002, 183.8923412046044, 181.6195622979375, 182.08985491458975, 186.53696055130737, 114.64522844996175, 149.04973328958295, 186.31649816540934, 85.27306545580608, 176.5278385604223, 116.32075063377837, 167.01628916263314, 178.73632730649416, 95.6628974797427, 176.10793725070496, 108.78052355318069, 71.07208706426778, 140.95319686418253, 52.56868387106328, 104.82727860340214, 177.11117545777537, 179.48291985951622, 115.34474097147162, 176.52929870635117, 176.39374858365343, 126.53298641724676, 160.49300345548377, 98.11768842603891, 106.67832430287926, 124.62154606084731, 124.75530373250871, 178.89207787221324, 177.55510319555785, 177.6780390672503, 99.6465771252416, 99.21641013593164, 162.08416419454073, 183.20829428919194, 173.98550188434825, 176.13793107277434, 101.62733808669783, 174.0324743665479, 172.21476940458192, 107.64576941565498, 157.89809385693906, 151.57004851844485, 164.3991377688749, 141.3790566849053, 159.90531972400257, 159.4904494274442, 128.26892113360447, 132.69272423924826, 166.98343265222766, 154.33176013805345, 168.79834496867824, 153.6110132546986, 169.1939346545784, 86.28475708311801, 111.04650009343828, 141.8379819561604, 159.69024688005783, 110.28201203127935, 120.79596281583561, 102.92215506637082, 164.2950486018756, 113.44281974594396, 121.18913184085044, 172.80322411006964, 175.40061346017845, 116.59463993696743],