{"name_model": "cartpole", "task": "balance", "label": "depth=3_", "num_episodes": 200, "batch_size": 128, "duration": 200, "actor_learning_rate": 0.0001, "critic_learning_rate": 0.001, "hidden_size": 64, "hidden_depth": 3, "gamma": 0.99, "tau": 0.01, "rewards": [53.870348422837736, 57.476666510094205, 62.08886619754352, 60.23123801492482, 104.77805642055634, 53.91095046086374, 74.80793948895543, 69.42058369378027, 73.60150670647366, 66.94091521976613, 88.66474598476059, 76.98676160056527, 100.06419846866764, 93.00234588108118, 174.11928233841383, 114.90637874832296, 179.882822832248, 106.87516958280636, 156.93946669386364, 99.81891433686248, 172.82907708683695, 91.15677594794536, 146.0570768512155, 114.76679476970904, 144.7225054098088, 100.7213943642276, 80.33290531028197, 138.31012541301533, 125.85873216612718, 89.20987265118909, 100.71684200414707, 171.22926994712404, 160.59855710020653, 77.56112295683383, 69.28967478067086, 176.0189399483965, 171.87017874667214, 152.0350621392592, 144.11709884210657, 117.46946956438731, 131.9964955889921, 112.75275952346257, 111.3710274005952, 136.17046625788296, 181.88968937528085, 111.87528331255538, 120.80125248461604, 142.3011183929657, 146.23171156437027, 130.64428122221193, 170.26479617716242, 180.58335739911553, 107.23652027637108, 165.60784308187502, 176.64076862423352, 112.00398644482074, 103.27781706898216, 122.30374860087284, 146.85581653928188, 141.81634080664043, 119.48330754723845, 123.47402885646093, 113.86489187646917, 172.77810027425886, 99.49247286234385, 94.99692954628732, 170.08233976266916, 162.1411265855081, 93.62214204286194, 99.37842849464039, 171.92339520089436, 173.27766264948866, 109.99893390796866, 170.33207216779948, 148.3036509781048, 174.89291164699125, 139.25123055227766, 170.86844378843432, 103.8638619916911, 162.26140684974922, 164.7473117628371, 136.72414687783, 125.54941364549839, 146.33389502864716, 180.79627478918567, 132.85711402780984, 159.34101045074243, 137.69544305694248, 141.30874366394121, 171.5757759886678, 182.57243680586376, 133.37509431718397, 179.71290880613233, 181.4189001358006, 99.14758800158845, 180.48316334977673, 179.584553624275, 121.25809239728576, 145.52466538581035, 118.6687948671384, 180.71425976984654, 161.51660787854135, 175.1584720972014, 162.8559153677675, 180.5451460644203, 168.73288757355303, 174.03874080046342, 147.576617287517, 171.3621086798942, 182.50811188552538, 171.93243321858543, 182.05483279624153, 134.4336247166706, 158.82258154640206, 176.67099047821196, 178.7658826110037, 170.35381262245218, 108.74905325578035, 105.77618581842914, 106.7137346618889, 168.48810764394628, 160.48420327374416, 175.24635557217493, 155.75114078550575, 184.6114770927675, 185.68616568655162, 177.58537795903737, 130.94841037566917, 179.90231198065393, 182.406588709856, 123.68465975666547, 173.69379522807864, 154.7322466879014, 165.31388677799654, 114.27304065600806, 111.89962289231012, 178.53977594994558, 179.13622668003882, 137.49468737313717, 175.31128123024675, 116.14871382583482, 158.08388613416903, 181.13357211789076, 107.75354061520164, 184.80896596004416, 136.44003605942316, 175.5089264419186, 163.8913087477809, 94.40904425393687, 179.66542500005923, 165.3762088589849, 99.82781160998898, 180.87539339537634, 154.17626358165992, 145.04495574886974, 149.92553596202444, 99.74378071069052, 86.25058268932526, 67.57019521044903, 181.3211833543868, 125.72302717929183, 174.8282562897533, 109.87015722955294, 180.6714572625471, 164.49489870338985, 116.67281829807537, 178.23228023424417, 173.09934109750495, 110.26075600052526, 162.85607603620855, 110.99558872601972, 112.07413491351653, 105.71811806244506, 109.09279042304016, 128.6417427759032, 103.18254398777297, 108.46206076961809, 86.9872343131732, 175.89494645675154, 94.71726936243476, 137.59457128979233, 154.61828566608514, 157.94752366242054, 179.6125591453445, 141.2161437549901, 168.75508402391944, 174.85595892182664, 139.06966908757065, 155.4024812960662, 180.98570487243705, 144.55101393910138, 113.64372871437682, 164.26381626544466, 112.41840239064348, 170.0708871224322, 107.23837826459163, 103.00116457433268, 127.96993544498297, 167.5950036007953, 174.87977435574157],