{"name_model": "cheetah", "task": "run", "label": "depth=1_", "num_episodes": 200, "batch_size": 128, "duration": 200, "actor_learning_rate": 0.0001, "critic_learning_rate": 0.001, "hidden_size": 64, "hidden_depth": 1, "gamma": 0.99, "tau": 0.01, "rewards": [4.697038857282161, 1.4885013539521186, 6.165077174895882, 10.310148264352096, 8.32384761743198, 2.001580387063534, 0.7049030702131248, 1.7088685876890288, 8.445921737620056, 1.4006824966288174, 11.571798530041516, 3.280558290909466, 3.480438515562851, 1.4248209334134376, 8.083138211769946, 10.950864572535682, 8.541142325711533, 11.09506662445667, 2.463216626924863, 2.3090886933544206, 4.007228074344429, 1.7271704795394682, 5.499049097557655, 7.765531340484183, 4.1983225654005984, 6.637319946287505, 4.014758950545659, 5.921355383755239, 3.1094032884337413, 2.779896813905041, 3.863656855142356, 4.29089238207173, 4.563689015206303, 2.0839116549374372, 4.179290290113965, 2.0518816242087907, 4.261212705117198, 5.227241453482402, 8.88661939825056, 7.689198066870092, 4.5724388915416405, 6.011654697585332, 4.641355949521279, 3.0528740407819015, 6.603497599640365, 17.39112533996084, 7.61422659178493, 3.8018539311907613, 4.6521457755257005, 6.834963153781549, 8.833910128703648, 5.067968103134367, 0.9121120603261588, 8.630946447615155, 10.389360888953846, 13.596410813025626, 12.878638997332306, 5.778207063973415, 12.527306945769942, 4.634936669286687, 9.594904982259484, 10.5760091124423, 2.7698995755779308, 5.748851137669862, 0.49812506288529257, 5.505597698804115, 5.465971926468739, 8.785848623354092, 13.174032094774065, 6.823702483750061, 10.655199060667325, 0.9116775857372954, 3.4116814230496337, 3.6335664640657974, 10.412798084038998, 6.367179834861117, 7.536847229392578, 19.839542439208888, 10.965976613755672, 5.927430962494784, 5.7685429608671965, 5.532479967519076, 5.227098747468345, 13.26296994893289, 5.247236137688932, 10.062985794328005, 6.624763075372101, 2.8219076607183253, 6.314645016813664, 3.3732378748196243, 5.683888938087817, 16.35484502315563, 9.561344167457555, 5.66317382938922, 6.757786418316345, 2.0277655935012895, 8.63990667571348, 12.371212720330488, 9.696117459566233, 3.201574778991052, 9.527301027079073, 5.285260518759279, 1.6206752413054062, 9.149943749965868, 18.668974099233747, 21.151980455596608, 9.798329681915598, 6.786377119358717, 1.572699595324727, 7.245104293349762, 13.445445954959718, 23.095412393366868, 13.974864107477295, 8.3010325069563, 11.037500292645316, 10.94283542849742, 13.214247911258015, 4.110661839752825, 8.559214259360315, 3.781058913735739, 11.272635006693454, 18.86040886212373, 8.907328215919282, 6.560051725416274, 8.11510805772182, 19.91606193098755, 20.717086309560827, 31.038264016803154, 21.979920091078963, 7.500272917475938, 5.363702964862942, 5.475328417763844, 9.515438948211596, 9.711164856841199, 9.846704804795207, 16.306428746493896, 15.94316546744786, 2.943372970456339, 6.582581530313833, 5.3591880038825765, 4.1118061775190915, 4.412676795107352, 11.788565516230413, 10.53955513068358, 3.1658626676922954, 9.839771256254092, 12.470803931031247, 17.25997967133365, 26.947658245425053, 20.03166187239692, 20.959359889252458, 5.429316719299663, 28.81623642255942, 12.323081547208766, 22.267253341336104, 7.36695812688278, 5.374869397240174, 2.104612917029942, 21.201701381529276, 10.372012236251935, 8.677522229338754, 6.018599399695537, 10.816397985311378, 10.280677437362607, 12.862075286172194, 11.179610943609845, 20.663276372610756, 14.968575727574303, 11.772469455522462, 9.257946208406935, 11.505217415691527, 12.50979836670135, 5.459309478404921, 21.158079573101006, 18.294044542425866, 18.870855409244488, 9.95148854054911, 21.457680624236822, 27.02633125136648, 21.523919564031736, 10.537546382682788, 17.76624867005075, 20.407178474027383, 14.683899629021207, 7.59149645302922, 13.07907999380143, 16.102805804115143, 12.927513564917806, 22.609127805771813, 27.68984851914997, 7.778807678107034, 5.777367857189067, 3.7582175342345767, 14.534233077521456, 5.501765580085745, 15.22318361765365, 15.639986699137689, 17.93034384918967, 17.245008527257532, 32.558504538788654],