{"name_model": "cartpole", "task": "balance", "label": "depth=1_", "num_episodes": 200, "batch_size": 128, "duration": 200, "actor_learning_rate": 0.0001, "critic_learning_rate": 0.001, "hidden_size": 64, "hidden_depth": 1, "gamma": 0.99, "tau": 0.01, "rewards": [77.58990052665149, 61.06687873681039, 85.0424462555078, 92.56324223351822, 53.881005600195564, 68.60837935858689, 85.89484446983626, 85.2238002176752, 90.62193604298312, 95.24043194196767, 106.01054805387461, 113.35960476457221, 93.19615909346474, 97.81249011833962, 97.06608405817695, 66.39509956710981, 99.44569710649104, 169.92191993648626, 128.77036110369997, 134.82148854814463, 109.73711490461099, 135.02244023452124, 156.2481342855878, 120.35086245847434, 115.0268051448934, 106.1492727837877, 105.27454793518127, 108.83585054854252, 101.73609107121662, 140.35409613547873, 61.661062069033555, 112.98512340137155, 114.95024364147838, 122.94719347634596, 176.8392406874051, 75.76508256552326, 111.2529092471138, 103.84528822627617, 165.1686309705326, 161.3480971776635, 121.12805302006525, 111.13886855916915, 113.9575801064304, 144.02713125468094, 93.23672318768345, 180.6247144780632, 104.41235714532424, 160.31819061288292, 160.61350328157948, 175.8947318252255, 173.80180823156596, 156.50756742835324, 162.36921500035388, 111.31692682824884, 71.97585889906566, 116.12223582390219, 98.94943255231782, 125.27945010006397, 89.431529395183, 173.4237183751497, 124.48726126042543, 102.05515034464743, 180.7035357902321, 176.57736107681401, 177.08286900959317, 166.70482779960017, 172.68325619814715, 124.42736291950187, 108.37253311356449, 179.09007647447075, 177.97220946677672, 154.5433507072825, 168.54494212987063, 124.05534184664486, 182.23011375281592, 177.10261404204536, 153.1792082113771, 112.53577921182703, 108.91227450614043, 170.89432901798833, 180.81785050840062, 170.77053607205244, 181.70972036689645, 101.04200827637668, 90.9332680896825, 94.70378601219869, 176.83776049772638, 176.3226410375953, 119.6582408143141, 108.76490777983025, 167.56609810584308, 165.36135924407697, 141.87175987322, 149.25954398771003, 164.3417880540245, 179.24568497222762, 152.7907550792136, 178.14703876160684, 131.94167142100244, 101.82190605362266, 167.0152939172477, 141.01302863151426, 112.12034769086281, 82.19523788954184, 104.54006913372793, 171.6964513112025, 177.97202242172392, 103.53551821461784, 165.9557554529075, 114.63209469725892, 174.0972313359339, 153.71583015147928, 168.13707301764128, 118.61328036175779, 161.58787366513704, 92.20779337136112, 182.26813417238444, 176.64085711728822, 168.41367651577326, 159.7953698874057, 165.0253470771639, 125.46487510193903, 90.2909792897833, 95.28195443563787, 98.30132149193163, 70.20291998720634, 130.1922444259436, 169.37523735948358, 111.79390466400312, 159.28888187778762, 179.36473445981127, 145.83024068582156, 157.18415626042193, 102.64241694598022, 145.95861001942626, 89.33153482662983, 178.0188047273764, 178.26382682480113, 175.52693855025376, 175.2817634772101, 165.85770917467917, 169.9999380749845, 163.1833690596656, 175.2941183422597, 168.73237703368375, 84.43902397450489, 172.12930909060054, 140.3931883772527, 165.0109349212901, 166.01756974787378, 49.82519634235941, 126.42558617085466, 164.44985989174273, 173.27634922048458, 150.46918401769707, 167.018134603622, 176.77777177854466, 110.80114357149805, 170.290966293463, 110.85766626185715, 177.72975026473475, 173.82436026602932, 107.74113439095197, 92.76750520806411, 152.50880955496197, 178.72991323396806, 172.04784309581837, 105.3730079606802, 157.38953603356586, 142.97316495949232, 166.08725953434384, 97.07146372908902, 93.17649003306141, 168.43134949110564, 169.88162798821674, 177.72770119409535, 108.42893118265883, 67.94256996359432, 181.7294115938953, 105.702860853707, 169.75038455163832, 177.26491304626722, 177.65530709523733, 171.71377890649742, 116.09499882602366, 169.0063471535614, 166.08132052787764, 179.79431508026983, 145.4236192084625, 113.93426851451989, 168.58848727354865, 172.91557017295244, 51.71101712806134, 170.2737956290923, 109.39063531017976, 170.78000130081773, 168.84740221867935, 115.87641234056997, 140.92861748019544, 133.53093115580592],