{"name_model": "swimmer", "task": "swimmer6", "label": "depth=2_", "num_episodes": 200, "batch_size": 128, "duration": 200, "actor_learning_rate": 0.0001, "critic_learning_rate": 0.001, "hidden_size": 64, "hidden_depth": 2, "gamma": 0.99, "tau": 0.01, "rewards": [2.252105856969702, 1.9963157544102528, 0.9753985704718873, 1.666744631291111, 1.8086024860994387, 6.249177352797825, 1.980503404876389, 0.8917211321961649, 1.3695464451013855, 6.214761837216268, 1.1635107372315856, 14.921777854343944, 10.760150568970126, 2.248804521446619, 11.22729970485194, 2.870966440473735, 2.8584521647515455, 90.2063985341485, 194.2055049950519, 162.9952181037337, 2.666160420296381, 2.135155617503242, 116.15381500585282, 2.2033980321884234, 66.89113371961828, 41.2548020023701, 1.6446733402641323, 0.920690790943559, 166.1393114280856, 110.40603920831539, 3.0904479435566716, 0.8962630401028039, 1.9048745960332822, 157.17770055759578, 17.61983265599861, 1.049541776319332, 65.20534256996157, 70.87992357610607, 1.5964076116364023, 1.4062285560158416, 11.294394805924105, 88.34217602973868, 1.4282059536738314, 2.543550165647218, 1.4824269162197095, 149.40042246910082, 3.4562155525578295, 2.386609271093746, 2.0212434430798254, 2.518903701714051, 3.174522945175188, 5.015021768197715, 137.15645536998446, 2.9756599018400216, 14.837643120368357, 6.856634242513761, 22.830698570093894, 2.1455540604788865, 6.121767729100141, 3.6394371456133583, 4.161489330865486, 1.728740956463914, 1.7961575234840592, 4.615798510823627, 2.0680138525993628, 1.5689134922731016, 1.2606780661702104, 3.21685396361099, 1.983575098151671, 2.431717868401531, 73.47031267280329, 4.8107148372367945, 2.468851665598283, 44.84389655836288, 16.423282193504114, 1.630554974520979, 16.52459519310925, 1.5685866673588729, 135.3631919977008, 126.46562626098452, 5.7163046875653265, 2.115173097012242, 0.9498269482863441, 1.209686655431509, 1.914497529953962, 2.339529103416693, 70.57534109504064, 139.5526767072531, 2.384786835971154, 45.0616941397138, 96.2641347687467, 2.3332688231931784, 150.4853450149296, 3.9708416007858625, 2.0236735318464705, 141.52011645190214, 1.7755500378541562, 186.77944448783657, 2.6308882114518335, 3.0211120352109773, 2.378078863002577, 34.065932882648895, 3.96814486923109, 22.71438956587159, 198.27269209818428, 5.279977232194111, 1.4200938203273972, 1.624604918894121, 3.116527322240894, 76.91782729877299, 18.02252395254076, 1.2794313433030444, 1.1659094111801356, 3.022257658587511, 2.1742039415760854, 1.6040767221732068, 185.14517197124863, 2.0166985064954113, 1.9293848744094528, 162.22903384315137, 1.9669442037462856, 130.15536589552082, 1.2419304179774606, 90.7342452040503, 44.541121384695124, 145.41312274431934, 3.2289595457124554, 25.668511917587498, 3.6692271544141164, 1.7659464062516124, 96.22935730371182, 1.8483124027686888, 1.8278577494100934, 3.110934135674884, 16.980988868904657, 1.6235028490244865, 2.011758713551172, 9.171807043756115, 2.084387629597561, 1.2070412833631956, 7.744323629698272, 1.8726313704974773, 1.1338655414717924, 2.492836378308132, 3.9321059200059008, 5.549966770147185, 1.185972679685864, 3.6811899725333608, 0.9384428515603784, 0.8971317534351416, 1.3981906304883094, 68.43490127791095, 101.92688728372946, 3.266450160007784, 200.0, 3.1485652066911096, 73.52248588304514, 6.604186948511032, 1.0382685849575193, 2.3137854250489394, 3.4628524301725463, 38.79665730642021, 1.2506330419809313, 1.0333593045092448, 2.380191584004574, 2.6615347071559134, 195.73196425385788, 165.82283667602297, 2.000158163782378, 159.75433936779794, 2.1413509558750836, 90.22085034440151, 1.8519280262250173, 1.7926782380253539, 1.7316570740186827, 4.8567789485469905, 1.3135708766398533, 1.2016678895910922, 2.2162193238527337, 1.5905347145913853, 2.1448187140259556, 91.72813482837118, 97.95555431843839, 3.2332014140306997, 1.905645598582394, 1.9818886413963024, 180.25917293588887, 8.105326538035868, 10.387624117943341, 1.4026847462534058, 0.9542320904308808, 115.66705649626981, 2.569386606637319, 2.815710747948428, 1.9564804594426692, 1.9063026421334157, 5.924449454877929, 3.3480499371122185, 2.5785051306736295, 23.877142621830494],