{"name_model": "walker", "task": "run", "label": "depth=3_", "num_episodes": 200, "batch_size": 128, "duration": 200, "actor_learning_rate": 0.0001, "critic_learning_rate": 0.001, "hidden_size": 64, "hidden_depth": 3, "gamma": 0.99, "tau": 0.01, "rewards": [10.87194525993019, 10.367124489127912, 4.1507889372326, 7.794909212018828, 11.259189687338708, 4.411499807386282, 6.078809111264188, 6.516770116868451, 6.617914110332688, 9.254476998709261, 16.02846794538701, 6.36924718828907, 8.800738926509373, 6.704219783331707, 5.986536892335354, 11.097636460113014, 10.834203088219173, 7.354950762844337, 11.639899826336915, 9.80949042795139, 14.279458475644491, 7.01915801776055, 7.195311988887386, 9.272854696277044, 8.764888696851177, 7.658289054806311, 11.432212904889417, 8.074714118467837, 8.153626505651959, 7.3417954355987245, 6.389448957382766, 11.564672772529615, 6.886797676755187, 7.8857336065426615, 8.73073445384371, 6.034687566042504, 14.660771746121691, 7.143826290178667, 9.949004725211644, 7.211913898280562, 8.083454896220925, 8.004780726152752, 8.366926579420845, 5.53227878127526, 6.371385572641928, 4.921251774234141, 10.273163959769834, 10.067248977147525, 8.98964206743284, 10.067295534060182, 7.618248698983513, 6.825670797732217, 12.336730767172282, 11.427238748766918, 9.440647459595743, 6.879788458535254, 7.997686262544632, 11.249316935256116, 9.422280643373055, 5.773373440403722, 6.115891073782025, 11.37967310285444, 9.14378533786731, 9.244824144869154, 4.446817156688019, 8.603504611916424, 9.7951487047823, 7.46787283396555, 14.548967504462402, 18.32892283727724, 7.819808139455426, 6.250116397437659, 14.7447154541086, 7.549728113949831, 9.182678912006976, 5.521786945088478, 6.519284189087128, 8.908305511877737, 11.555845491477008, 11.928015708635133, 12.336575786596601, 9.763954875289686, 13.019902767206862, 12.476287565424654, 6.270994057795003, 6.607994096915527, 5.852781973827922, 8.319069116452757, 7.711196884270719, 15.104193816687845, 15.011500915387614, 6.5237490338862125, 7.186731637578885, 6.223123308541352, 7.727400301570895, 6.732281703003422, 7.036943404699518, 6.912578663166168, 6.791927108831731, 10.98138561536806, 11.846886489268895, 7.744614473475688, 8.066319941890624, 12.324372089679883, 5.858409547434697, 4.932498353693236, 8.512244807887202, 9.485867480384139, 11.330602949988917, 11.864890474263609, 4.456490677705776, 12.276821459503376, 7.088183573258814, 5.074077352113888, 8.68624667257466, 5.45802248689968, 9.638509305787833, 7.613664866054837, 7.547180364797665, 12.582877875290258, 9.568803024736182, 12.603106469545827, 8.43726916753347, 7.721548765000282, 8.99370118916792, 8.72126695023977, 19.26611616535307, 12.64313267769921, 11.898583449117176, 10.599938896214676, 16.203128078118322, 11.800041346617121, 6.987055717716757, 5.850916896468604, 10.446757216399796, 6.0722754678865165, 15.152118334401374, 6.15573906205243, 15.255397424004974, 12.966550930173993, 11.558654845445856, 19.352964097517592, 8.011612287111493, 9.071584713641602, 7.221437187290756, 12.205697288206997, 6.047145656728293, 5.609799307612994, 13.002534334498767, 14.535537537497664, 10.161632905333718, 14.073686559837709, 10.606130864702175, 18.90861377568734, 21.283203360519174, 10.167715918104431, 18.682621197216445, 15.775243386577754, 8.635511086540415, 13.388488709046282, 8.458875023257244, 12.402050686076572, 8.616104746713457, 12.567241814333764, 5.796275800771288, 8.42683520565235, 8.159835183907084, 5.634201641958428, 5.784570993966265, 7.7252109336158385, 29.099852976678072, 19.323058934677036, 18.710109784836988, 5.951936999443141, 11.604950710694633, 16.701018033110863, 13.595050439423026, 13.222549474953643, 18.222223484305772, 18.157022642362364, 19.289574601501137, 16.549939390591053, 12.260805078356917, 26.47613644738259, 23.250613666762835, 7.975007805053378, 13.85473404455743, 11.818493696731167, 17.938708520882045, 11.07981275295199, 10.521004847396938, 17.09520143295612, 20.571760164644193, 19.07923240571006, 18.409932404030382, 13.668864504226349, 17.539599428686817, 12.881548193456355, 16.588080936724918, 23.215516504779945], "avg_rewards": [10.87194525993019, 10.619534874529052, 8.463286228763568, 8.296191974577383, 8.888791517129647, 8.14257623217242, 7.847752357756958, 7.681379577645895, 7.563216747944428, 7.732342773020912, 8.247995041566593, 7.848207311482708, 8.313202310410384, 8.204133367541674, 7.6768680880413385, 8.345481753314012, 8.821021151009509, 8.9048392156071, 9.407037787207523, 9.462539130131734, 9.287638183157481, 9.35262926610463, 9.19208657234243, 9.448950063636966, 9.726785244088548, 9.382850503557878, 9.442651485224902, 9.51462782078725, 9.166000488718757, 8.91923098948349, 8.130230037657316, 8.584781513134224, 8.553930081921004, 8.415217972947564, 8.411802548646818, 8.249442399770437, 8.572298283893666, 8.479209501064748, 8.658747323020716, 8.6457591692889, 8.815159763172716, 8.45917055853503, 8.607183448801596, 8.371837966274857, 8.13590307815468, 8.02455949897384, 7.585798720338656, 7.878140989035542, 7.782204723257661, 8.067742886835623, 8.021222267111881, 7.903311274269828, 8.300291693044972, 8.889787689794138, 9.196713878489518, 9.392567546919631, 9.165019777197111, 9.28322657300797, 9.326490430601991, 8.897098221236345, 8.746862458716196, 9.20226268922842, 8.882968146297921, 8.664726685908146, 8.165343655617372, 8.337715270955488, 8.517461515179255, 8.1393171050502, 8.651985791159133, 9.907540730846486, 10.077932437413827, 9.56497676687215, 10.125069778496279, 9.955560175404345, 10.42914635093624, 10.120974584253448, 9.79338813268393, 9.937431400475148, 9.638119199176609, 8.998028486312396, 9.449705251026515, 9.801089098811717, 9.628607830121544, 10.121263775269025, 9.83009528984783, 9.938716005030535, 9.872065783504613, 9.813142143962114, 9.428677283241486, 9.746295094046756, 10.013787606925858, 9.689767022785512, 9.106449909822716, 8.481133484134384, 8.626774108511972, 8.639202869120762, 8.757619012207922, 8.616969966879264, 8.525042989335365, 8.112762169203386, 7.796300726591514, 7.918387270550461, 8.006346100981636, 8.616470979095489, 8.42957190368187, 8.24959356875085, 8.397123709069618, 8.654452590791417, 9.108320174907135, 9.196670660796688, 8.457631079640375, 8.910851778243146, 8.813038141379966, 8.088008667623367, 8.370792380137361, 8.423344793458005, 8.535971243248069, 8.348750981815138, 7.970408723296013, 8.042207463398679, 8.55343869810172, 8.586067199105964, 8.72097575853343, 8.985722899822068, 9.016468351481397, 9.342792797815402, 10.305553483771927, 10.808500264936367, 11.243640573368316, 11.04534667546076, 11.708779180798974, 11.628472668506102, 11.48345132352443, 11.296388136671263, 11.441693739394449, 11.176794591159124, 10.765394808063956, 10.116655446499278, 10.452336843988057, 10.688998047383988, 10.224550724116742, 10.97984299920679, 11.082298656146264, 11.404365437863563, 11.08183343495266, 11.695175616984708, 10.784678349217398, 10.730084373773455, 10.504798064822833, 10.6616967255552, 10.521994531543987, 9.994066777776, 10.253518635535068, 11.237221541739641, 12.643398159062482, 12.439600022052225, 13.703147576101042, 14.719691983997517, 14.282989659201684, 14.168284776356543, 13.998008988148896, 13.830845400772784, 13.631842788973913, 12.997705592838553, 11.449012836863766, 11.274924765618557, 10.222646164287621, 9.208541989825688, 8.923447980568273, 8.35712020302523, 10.421217998367315, 11.113318823227358, 12.122719327039711, 11.461188845550648, 12.042056336542982, 12.869474619288834, 13.41299614484043, 14.17183092813995, 15.415596177173901, 16.458777348048553, 15.47774951053086, 15.200437556122262, 14.555507085474256, 16.6079270302682, 17.772493325875022, 16.899892303069272, 16.92586066358271, 16.785455085760464, 16.75710358941809, 16.049382600477053, 15.172525625066635, 15.227051829303141, 16.058147337931867, 15.318456933764617, 14.83438880749137, 15.403774477408666, 15.772261015821607, 15.878566465494123, 15.743503707078412, 16.957074082261208]}