{"name_model": "walker", "task": "run", "label": "depth=4_", "num_episodes": 200, "batch_size": 128, "duration": 200, "actor_learning_rate": 0.0001, "critic_learning_rate": 0.001, "hidden_size": 64, "hidden_depth": 4, "gamma": 0.99, "tau": 0.01, "rewards": [5.560761805135853, 3.087862891773605, 5.783024342118393, 5.7625431274287, 6.164678344803783, 3.346921018381615, 6.397200234952972, 3.7357001335468016, 6.949341399495652, 6.300683198045459, 6.398665187722133, 4.4610977357595605, 14.502130101071963, 5.76855902973168, 6.652644381870741, 5.879952630483436, 3.7725474193697157, 13.673691288674409, 4.675400777798722, 7.054308748217138, 4.523185629922242, 5.78904557074866, 4.452797554082898, 4.198599745872039, 13.393205411461869, 4.3973205177336805, 8.96777678752879, 3.3278800783529423, 7.535057370489188, 10.044992876559977, 10.242838945400432, 14.116133717799746, 6.096657679130029, 7.7246862795108635, 5.857264193757455, 16.809874316340387, 11.963391359858715, 10.145529263120075, 8.854267632727506, 6.430225856544877, 10.927175832203156, 8.700630317441867, 9.188402301615817, 7.503734062339014, 8.446251364915431, 6.761864534149282, 9.071082480303236, 11.028437754581077, 6.768155287903551, 8.68345318494909, 7.0717673970823745, 13.567553716997907, 7.49586299148998, 8.924283820819046, 3.6945571891567672, 8.818625198237179, 8.498826357665617, 4.995607436243527, 9.539418381665289, 9.7960475768408, 5.859598181608432, 11.255821675975469, 9.674221404502338, 8.009880754891608, 9.096197143693754, 9.889472023941583, 16.08424908135252, 5.907173202572042, 8.138378994366388, 10.026090318742606, 8.77470343920788, 14.098924241710987, 8.110416946074565, 4.164842608711682, 7.143687299927806, 12.387110158581784, 11.573668004971521, 8.716435447915897, 10.035183079516178, 9.581577566117035, 6.554145073545231, 8.149087850457192, 3.766174426862291, 11.19405584757689, 9.392444604081373, 10.329302653958905, 5.686812410663609, 11.969881697918677, 12.684294884525986, 10.819304674530645, 7.962032055197314, 6.898557892911931, 6.253690062102945, 12.389675289596765, 8.760423458876124, 7.212562050864951, 8.202735542547474, 4.092416407055092, 3.703664155712249, 6.328235725030163, 6.259279468717414, 5.33033800396173, 9.215633599563963, 11.398096237774542, 9.325538078938127, 5.016754597526436, 14.698257149598204, 5.32222939878815, 12.782258303090378, 4.802190505983775, 3.6219810406131883, 5.5320215205676115, 9.612126030669254, 7.8100399434504855, 4.638105283076581, 6.875157844427083, 14.36181126604873, 8.743961494788232, 7.212939444991106, 8.31012205763634, 9.522850322932436, 7.765773858015158, 6.063077242755922, 3.672813653566999, 2.981534138851936, 6.104159748710136, 4.645757965210577, 11.329595902106512, 10.151237962174003, 14.071733566066591, 6.570415270888576, 7.124246216850253, 20.885929064345742, 4.706409499459132, 17.014667957165365, 7.639918109503565, 7.865340688342764, 2.845828313631901, 13.659158789902484, 4.921761203148777, 7.270517355716061, 6.581726784484916, 7.202928942124587, 4.993020088725679, 6.493578106918472, 6.4372755943763025, 6.026754321000431, 7.940897922929945, 9.041815258115108, 15.393880322964355, 5.792975711887152, 13.139068719229273, 8.187613843765524, 5.300636351694431, 6.7541912616691056, 5.638703056363891, 2.2515846210049446, 3.075432498938556, 4.082898773748312, 10.012049955568196, 9.513817998641153, 12.188329187749888, 10.017317877054346, 6.172269039999671, 6.942186645659079, 5.920339056529977, 10.445557925104449, 3.8621212447545226, 8.871796058144447, 6.970212071575444, 8.937522140962194, 5.879089540778839, 6.307578206922676, 5.510585569480407, 7.020556556864676, 5.541225897159492, 5.069986984007497, 5.309305638854367, 6.488573702479892, 5.42761766651732, 9.559314194612865, 10.627272824436817, 6.867808020657508, 18.62106957751489, 7.777979484599518, 10.847634320465174, 16.965934195752293, 6.601630826375104, 21.650814020147973, 19.181319201161344, 11.714173711600903, 7.216713449408472, 11.090975618210411, 5.43647175638405, 18.748619349452188, 9.710882695402002, 8.319820524078967, 18.40536354198542, 12.785758846838005, 14.69671881381334], "avg_rewards": [5.560761805135853, 4.324312348454729, 4.81054967967595, 5.048548041614138, 5.271774102252067, 4.950965254940325, 5.157570252084988, 4.979836487267716, 5.198670366404153, 5.3088716495682835, 5.392661987826911, 5.529985472225507, 6.4018960481208635, 6.402497638351162, 6.451294242057858, 6.704597403268039, 6.442132121709714, 7.435931237222475, 7.208537175052783, 7.28389973006995, 7.09635177428996, 7.22914655778887, 6.2242133030899645, 6.067217374704, 6.741273477663112, 6.593010266388137, 7.112533203204045, 6.077952082171898, 6.363917741440945, 6.662986154275228, 7.234951485823048, 8.067660300528157, 8.23204631303287, 8.584654966396752, 7.83106084462631, 9.07231622448698, 9.371877681719974, 10.053642600196687, 10.185563626420517, 9.824086924419008, 9.892520613099283, 9.350970273063494, 9.66014473531207, 9.638049513594888, 9.896948230710684, 8.892147252491572, 8.602916364536025, 8.691207213682127, 8.482595979199731, 8.707918712040152, 8.322377868528074, 8.809070208483678, 8.639816277471095, 8.781871253319098, 8.30670183574323, 8.51237790215202, 8.455152289888261, 7.851869258054505, 8.128995567430676, 8.240255006619849, 8.119038085072456, 7.887864880970211, 8.105700722271447, 8.014260415678702, 8.554424411132402, 8.661509093702842, 9.420051366071531, 9.511207942704385, 9.371104003974493, 9.394108278164675, 9.68561880392462, 9.96992906049817, 9.813548614655394, 9.429044800037401, 9.233793815660807, 9.483557629124826, 9.032499521486727, 9.313425746021112, 9.503106154536091, 9.458654879273533, 9.236599042707269, 8.641615403581888, 8.207191151660663, 8.910112475547184, 9.13498820596254, 8.92920745550025, 8.34052189606946, 8.66586652106974, 8.930777701570719, 9.05455041241208, 9.195339110577287, 9.07028611482276, 9.319037678346827, 9.438599622548816, 9.37539750802829, 9.063723447718894, 9.31531576090728, 8.527569231820923, 7.6295061589395505, 7.180399263989502, 7.0101240053415115, 6.8533020164464915, 7.149496370192592, 7.0503384650103715, 7.106849927016571, 6.88726918168272, 7.536821342387792, 7.659802641561098, 8.56766205629891, 8.415057534394272, 8.15132769158385, 8.171496043244437, 8.211145286354967, 7.852339656922562, 7.383596377336407, 7.56943670202647, 7.535792113671524, 7.877965323271532, 7.3210334374616055, 7.67182659262686, 8.261913520858787, 8.485288754603541, 8.130383875812207, 7.7166612468238585, 7.5510041324013955, 7.473904322829701, 6.502298992745883, 6.760862433477712, 7.054692285196002, 7.630853436039027, 7.33560993083464, 7.27145716671815, 8.753742348877132, 8.857101933466344, 10.260415315297687, 10.413991151377031, 10.73594942369025, 9.88757266484279, 10.238364747615638, 9.323367511323855, 9.393377719806605, 9.33912577657007, 7.970825764347954, 7.999486823274609, 6.9473778382499205, 6.827113586737194, 6.6432549500029605, 7.152761910932765, 6.691027557754028, 7.738239469735585, 7.590485305352695, 8.24621949882713, 8.344687988991224, 8.3754496152881, 8.401510930763163, 8.32165367696192, 7.944136706962373, 7.457590164563233, 6.961698516126555, 6.423515479386938, 6.795599708062339, 6.7005257549144, 6.883496158243281, 6.970659427073807, 6.989458965472804, 7.017622565489413, 7.837019895899362, 7.915688770480959, 8.394578498920572, 8.090394710521299, 8.032765124753402, 7.401841160056295, 7.030867193043129, 6.964698845991204, 6.972535837111764, 6.934624521174714, 6.39706742706502, 6.541785866475005, 6.303463630908548, 6.149204190402736, 6.211383395767803, 6.686201724133601, 6.742224705507084, 8.053273106310531, 8.129015399084015, 8.659656241414584, 9.849250962589064, 9.97848348134114, 11.494707513107945, 12.870077666572348, 13.085563618271152, 12.744507680768319, 13.166824440523609, 11.848364658410523, 12.945428644895793, 12.831753482389473, 11.967142115222142, 13.147515386783173, 12.261009869452177, 11.812549830717376]}