{"name_model": "swimmer", "task": "swimmer6", "label": "depth=4_", "num_episodes": 200, "batch_size": 128, "duration": 200, "actor_learning_rate": 0.0001, "critic_learning_rate": 0.001, "hidden_size": 64, "hidden_depth": 4, "gamma": 0.99, "tau": 0.01, "rewards": [4.056835534161398, 10.313366577480558, 61.37681668774719, 14.460202800128629, 7.081162231006207, 2.7661267684527813, 3.345313072795641, 2.487147011054614, 2.0173181515387264, 2.327566284447521, 2.935719168816454, 2.560544641705623, 2.4230060560013764, 187.7247376983807, 12.921843146164687, 3.2311347530548185, 22.96575233740593, 26.85459383290079, 10.475059623017083, 1.7677756923693366, 2.4927540826307704, 4.034329781282428, 1.8095532301827169, 43.56025554419792, 0.9957477009512827, 104.85421538537861, 8.404998810718785, 110.13321196910998, 4.396846042537651, 2.2361947113113145, 1.583587552248429, 6.0573199509524995, 1.283944912847826, 41.92682104195415, 3.103529591631683, 5.772207254181241, 2.780366964711505, 2.7571376772527683, 1.4068946394402935, 1.9259118214432358, 64.55683634669057, 156.69032750763805, 83.37103476040232, 28.04578378279013, 1.2477931603513002, 114.33294512576386, 111.3176827020005, 128.59739935397414, 3.0587177590142103, 3.2391949963969755, 0.7879041841214843, 92.44969264574932, 3.789703699254832, 1.6470434983637154, 182.25029259292393, 1.9480184504941571, 4.425215910246139, 2.614676396212028, 7.698497075277152, 1.2821277264210562, 14.677595766738515, 2.4689031414992497, 10.097601280187362, 141.50872828459367, 1.0455351973972384, 7.220120916798594, 4.388264844616352, 4.927098626202457, 5.878376574813599, 1.5268503966253624, 16.46707856312203, 3.1683504396550677, 2.903989627919881, 134.4195397855708, 3.0367399008406566, 7.907328697549964, 14.30140266972585, 2.712703437422357, 5.385469680583691, 164.61124670750155, 5.04990836905548, 1.0351433182978635, 2.332761919644277, 112.27534261643042, 2.3788084521664428, 1.2109750425995909, 2.2335877933070694, 16.866918439919697, 105.45090205998264, 1.9828405862402962, 2.8870764267603293, 1.4580123820972943, 4.899923714488557, 1.018793321430957, 1.3620456481322893, 1.4843024335233155, 1.5123847318971224, 104.7609367402939, 136.13322251330285, 1.617689193421029, 1.724420267428836, 1.8802003132328846, 160.9618027407009, 11.898145375348992, 1.6946810815466988, 1.0832706289470269, 87.014447026252, 4.356280626234805, 1.8697376330113085, 91.98391847983112, 14.46655067967077, 1.3146525935205444, 190.50186350205263, 1.8016048367159818, 83.55442448200715, 0.7832119589201554, 1.1519382300512027, 37.672812098502874, 4.881886837873225, 4.227556282876336, 2.419425700834221, 1.5043669090225835, 1.6093275675594034, 1.62579172921259, 1.5147560924726873, 1.3654314018597005, 1.289270103162437, 66.0503776491491, 2.6053356156344147, 2.7409172518534484, 3.1889898014440563, 1.3147580855455503, 14.886891959819753, 0.9472524113463365, 2.6280485567886878, 1.5835996750027495, 1.7679280868142673, 2.6259215778184437, 2.654460973012011, 1.8115013237396898, 1.5202820459269475, 1.2664977048934754, 1.0627698256367395, 1.3987955598924795, 1.3757861184263467, 1.3948869851247958, 1.24343341745493, 3.2250681771274756, 5.607660630944531, 7.191233324229065, 80.63735237686241, 2.4941579965678176, 0.945601388062434, 189.6181044705711, 4.101884698947536, 2.3250952509839196, 3.357003266414895, 3.5880752166977823, 2.398332503436773, 2.7060286556929882, 7.594981048004975, 3.4560505385823648, 1.547564586865388, 0.9444657026047463, 1.6557905722324184, 3.5767328980648956, 4.00320321575841, 1.6829976962419708, 8.344962028483428, 22.77678227422715, 4.597665266851282, 195.6737226215469, 1.5732960701327978, 54.09203464326572, 55.0526490631196, 2.5469707802944064, 135.57919352709683, 1.861911486811961, 2.1216626341010083, 2.3717859911241903, 2.041590030425454, 1.5227398234577036, 15.018865673713345, 1.8068881318287104, 1.5423901273648617, 1.8022054091396111, 1.1302438436581062, 2.747760719182567, 1.3490647804478901, 1.8090077794495596, 197.59679027947905, 0.8740143781131807, 1.976465614157311, 5.8352096709485615, 191.20775480305548, 156.68571765864553, 1.5770014045357952, 36.66000384874033, 2.832876694604771, 117.05646733959941],