{"name_model": "cheetah", "task": "run", "label": "size=256_", "num_episodes": 200, "batch_size": 128, "duration": 200, "actor_learning_rate": 0.0001, "critic_learning_rate": 0.001, "hidden_size": 256, "hidden_depth": 1, "gamma": 0.99, "tau": 0.01, "rewards": [4.256639555856597, 7.532040953186325, 0.9306840901472853, 4.1245376908083635, 19.319427731476686, 5.857241514227504, 8.756339856541127, 3.2883377934393216, 10.436165304949457, 13.0191654890965, 5.420946733534621, 7.894434213402493, 13.31137957163758, 4.574213910813343, 9.77682104004109, 6.341442960510187, 11.255806144387183, 18.74189467624868, 8.071432654157553, 13.694475237134453, 24.005072699425263, 5.53391784828512, 8.606039798302554, 8.672821990706103, 7.400463035388024, 11.47741236917539, 7.759274067811666, 18.575761851723314, 11.652819270188584, 18.834953708229683, 22.640678287647848, 3.593063829461557, 11.812652036263376, 9.572511960837192, 13.560808140046188, 18.15183861740598, 8.914364811288152, 10.42383174746701, 9.564433567611921, 11.493039034362772, 4.431222333715222, 15.131455246221172, 19.11210394535126, 10.598246461446909, 7.883258845646186, 6.115119192580344, 17.02154912680772, 4.0177401307521015, 3.832593715048486, 4.0331300909637395, 2.385214856539923, 2.593896728155525, 8.647735545677367, 7.489497626544344, 2.4439227874152762, 20.942802450523555, 16.61966286554672, 15.981000022662668, 18.72377146061201, 11.063965577119086, 10.460767340470644, 11.039094005577406, 14.001708704766006, 12.801199041950905, 10.855383900278543, 6.636404639456676, 19.325093813997256, 7.848646092671175, 16.957632970288227, 8.065583395067854, 4.237000058940563, 7.413692538886792, 16.535920021249574, 12.018396855059876, 21.34810871294235, 8.332128817527831, 12.160883967136668, 15.085465760483855, 18.842090227981107, 14.89157877220581, 3.4262387774407173, 16.1314727541269, 6.569553264672238, 8.303652521245425, 5.451305253965601, 8.178491424779413, 13.551876642529194, 6.481321090610953, 6.122929467984067, 6.061892157205249, 14.628391199466307, 5.502726123478693, 3.555837510393697, 5.142860011261325, 6.013502391849853, 1.8611244980415447, 1.0886842663539213, 7.025410218368669, 5.361403308499548, 3.1324159133067386, 15.667886458938773, 18.39716890942566, 25.240065999153202, 12.94153678403763, 17.110324420447768, 16.34559315061958, 12.638877136491395, 5.963212506548787, 6.950817616305268, 8.42644382286688, 6.828703095455911, 14.095756034399495, 6.816155056323501, 13.389260157486177, 10.160097869072471, 5.155581564953932, 20.72825703925531, 19.1842123639117, 19.57265775974227, 9.98431229392697, 19.890880099660897, 10.447625088074277, 13.816964926448568, 14.993651617771501, 10.445053157684928, 9.736656065060515, 10.414297274807968, 14.715542309385546, 11.85266246309385, 8.093700128508212, 9.994450350408698, 8.620091452366067, 11.255528189808265, 10.349447769974962, 10.772011468730327, 15.860201599564865, 17.396650104793174, 8.25110060107033, 22.0976264025887, 21.61225206064134, 17.720111172069533, 19.644213768843667, 9.392373000085191, 8.863921084891016, 11.97502249892472, 22.51712684159129, 5.9720992233273416, 10.406126535161995, 18.79562202263682, 16.645464383473712, 6.847909061288807, 8.084863126482132, 17.99282140248432, 4.384067062882496, 16.934756331256928, 22.92163366238992, 11.3104244249992, 17.970418000313572, 24.75406172620813, 8.765375674095948, 17.679783410389955, 26.50338235873135, 16.41416692152999, 23.19527009992472, 26.082821385676816, 34.332746278719235, 18.233422065707746, 20.3294244942422, 15.47625371505359, 39.18705957807626, 14.838798535855263, 12.255320330805379, 29.937370996721477, 35.92707080086531, 14.486792340055432, 10.898609599030422, 10.637614885389954, 11.888829641557516, 21.910305252830614, 13.450242969607233, 39.474012899049555, 28.277926037316583, 14.531664121353518, 27.01910881697838, 26.063476196082522, 19.70220232260921, 31.82787506978536, 12.858884091584734, 34.92740591965621, 24.095697900988295, 18.477751329459768, 39.429729897915905, 24.663758048501983, 15.26432697181436, 24.27733576596028, 24.81304853497333, 25.892011426164323, 18.742878368287922, 8.649018271073434, 23.445987538298155],