{"name_model": "cheetah", "task": "run", "label": "size=128_", "num_episodes": 200, "batch_size": 128, "duration": 200, "actor_learning_rate": 0.0001, "critic_learning_rate": 0.001, "hidden_size": 128, "hidden_depth": 1, "gamma": 0.99, "tau": 0.01, "rewards": [2.0848212470691965, 2.2418549846604714, 3.3065110442459935, 2.6832834860812156, 1.4464393241198095, 2.208500992024585, 2.8123737254539756, 2.5064328923437724, 12.659653921398402, 4.047023837852739, 0.43409990635634266, 5.235547179725948, 3.703628830411666, 3.2813313602262446, 7.911407677185575, 2.5620963654653734, 5.175284911899242, 3.5363381837416785, 1.914579781725452, 11.392379754800714, 2.8261739971492323, 9.799977044561334, 3.8357123138171056, 7.7837337362058125, 5.147983198096315, 1.4101594267960478, 2.420373086204231, 15.469522675017378, 3.9839993797885898, 2.4327964931406902, 2.8248278296718263, 6.818082789824236, 10.074848413298005, 9.4100791717494, 2.55222343824319, 2.799305135455225, 4.816310211773252, 3.635882810584725, 6.607250529540172, 3.151184287251596, 5.506322308763153, 6.673606868591379, 5.228355504684643, 3.1404189530334765, 4.262012647174032, 1.4078955039294767, 7.482490505672164, 3.0817394797499773, 3.076986351905118, 12.269067364797612, 12.645544405581676, 10.569860500052746, 16.272323544901706, 6.737513126610047, 9.679270407322566, 13.065347828624159, 15.12081746715575, 5.843825756333088, 7.6581755008687855, 16.82973921319497, 6.577399045710267, 16.066416093644037, 7.5319752492629295, 12.086755050059113, 34.29386986023988, 8.606892304264864, 11.947970276895797, 19.728811712264733, 21.516871989625557, 17.601620440700795, 19.42280103796154, 15.15107253985309, 5.9320758576764, 1.5481593917560073, 20.825464826536965, 14.237512175314748, 16.704789571990776, 19.21351092930782, 27.205069433469667, 8.201862803488288, 22.286413269210374, 9.539504332593424, 19.93416408552242, 9.253143342300984, 15.70031913945293, 10.298644383532482, 10.982094542497148, 16.443089273811438, 23.671976656761803, 20.116842272434408, 17.302232385541256, 21.35084215723468, 20.930159921480957, 27.145928133833436, 32.90848489297247, 18.760850374881652, 18.55441194786998, 30.742998855002256, 18.282322755549636, 11.94790717258524, 7.856092446428342, 4.364338191810398, 2.313099738491961, 10.733746213353582, 5.82711282596479, 13.042683508188452, 9.071931220924824, 16.823137008354443, 26.600124023511444, 16.928323580280008, 13.328835935313332, 2.3578052980605033, 29.41010257052222, 11.9880666428668, 26.321662831406464, 3.5893515539593643, 21.918963602243288, 29.41873820830332, 20.87745901506313, 18.84527750976653, 15.172338479876245, 2.22031661079804, 22.497309691016476, 3.562705859954905, 4.9133273245190905, 3.4783906005622134, 6.047927930689166, 22.63792853829234, 25.147506383022126, 23.63408813477319, 18.205338900197777, 20.255508945434364, 43.344685362346965, 16.050104395984246, 35.603100272168014, 36.75184418168648, 21.135462095837728, 15.985025704741258, 36.47915778569423, 24.61052702560523, 27.520525953591672, 7.97404965142201, 2.2239494653020935, 7.237995247549142, 8.684778986620625, 2.1055569288878186, 9.080471834228828, 4.7517230951292895, 17.362121399696598, 25.3009451994389, 31.378165669090635, 44.92060779992305, 25.064200491909723, 32.94534184556682, 20.005082986348913, 28.82417229787021, 18.42311541694397, 28.414079091248254, 45.17438352666004, 35.71911002358233, 26.297831243245046, 11.991628163825888, 25.82766766353294, 10.61346463982703, 31.61385510733349, 8.291283433889449, 29.609339709838892, 21.792450381342857, 15.71661921593016, 31.046669914751046, 18.26548003260978, 13.055735717299733, 33.39534193715386, 14.421119320777049, 26.38015404199827, 19.855758286132904, 7.527918064132611, 16.79612948138814, 22.138923617035722, 24.342844955283706, 23.026590329892365, 22.579441924554864, 19.790755041370637, 15.773576096435258, 26.124201124462722, 22.094752920445455, 50.181961349794356, 26.846035792500327, 16.727662638554115, 20.680754833290376, 43.116261260304334, 36.80426032148501, 38.18547313351083, 35.2941292146381, 24.33224454265438, 28.00520016490389, 18.59556345700157, 25.94858428712764, 17.83879933415866, 16.398324182096953],