{"name_model": "cartpole", "task": "balance", "label": "size=128_", "num_episodes": 200, "batch_size": 128, "duration": 200, "actor_learning_rate": 0.0001, "critic_learning_rate": 0.001, "hidden_size": 128, "hidden_depth": 1, "gamma": 0.99, "tau": 0.01, "rewards": [85.54308092698734, 75.59210419486999, 82.05946827589584, 62.012974851998585, 88.50922691531777, 102.00733266739735, 116.6827118774648, 65.979224675588, 87.76761436861194, 101.09766147790816, 108.03600893720824, 60.94904609724002, 84.77061331961673, 120.76105974252188, 111.05318486276552, 71.19373788059869, 165.4192604718182, 83.52012227780108, 97.12051622684754, 72.21115467842876, 113.96127463836982, 81.49436161860189, 157.26112328254163, 110.43677455573578, 169.8228781032085, 78.79047821094586, 109.42041460194247, 86.43298999469083, 95.06229203525538, 74.83573452153507, 101.52590152975665, 179.11362771189218, 175.38559413766882, 171.34182193914822, 176.89832605500763, 139.39480054929655, 100.76794428289239, 110.34376729030917, 172.53828794543784, 155.736002419226, 176.2911416865616, 170.8625398166036, 143.31867338413878, 111.24432306128303, 160.42361182004245, 101.44856637837238, 96.57570540584565, 167.0384871749509, 110.6282619020425, 174.0487059358288, 118.76782403604632, 124.42772971030642, 160.70018680987235, 171.6605882156025, 153.65276807812893, 161.41356062765183, 173.32514725736252, 156.8726529795383, 179.33873599900343, 104.8598320887894, 140.50964287327122, 83.86146838413076, 175.49559491708737, 177.1522124927444, 120.11707199482461, 64.70111032051499, 51.39351299413526, 147.41381874117948, 101.14975756840727, 102.26880353309909, 140.20498976241274, 86.79799777458092, 173.64911912582667, 161.92786192451797, 114.29397207043289, 110.71171962191768, 165.95640418381518, 140.40516236402019, 107.1481848967586, 175.04680367140105, 162.67634438532113, 108.6835171731312, 146.02422856035398, 102.60253682244907, 167.94555766186988, 107.82324235319228, 117.0103654170097, 118.86623656167119, 168.23705237260822, 173.90705101329476, 182.47774996093233, 175.25133019584553, 162.81459517193653, 122.51200291076732, 177.68470855089276, 173.6109220978357, 185.82712137906816, 151.80657540591318, 171.73393988733716, 163.61461125194472, 170.12134778799623, 158.41664441416285, 81.58781393798063, 176.95458706927118, 165.67569705536727, 166.18969057103143, 177.5431214675921, 105.93310470525729, 180.84558119523751, 108.93081956880265, 156.689451160255, 160.17363913433766, 139.74010783843775, 145.4739619179888, 128.46096704060582, 86.99996439298887, 178.11290336788008, 110.91584348700668, 164.71195493432327, 145.93015546221906, 145.78467639634584, 100.70465745531217, 107.18555291529086, 173.31855199867522, 155.69405385633166, 101.16346611095499, 165.13459633993526, 176.28642906834241, 153.72580139189157, 80.74189403228004, 139.93818032324629, 164.18603911075482, 161.40083022544957, 145.56306941070162, 156.5461890067505, 164.88116165996445, 166.0003029357326, 98.82512827847754, 157.45611664412604, 142.71861395489034, 161.77505168497973, 159.94070452025755, 149.66593289738563, 151.75465774734158, 110.15348548805927, 119.48833171516755, 158.59089341808115, 173.59759342531962, 169.63469785381443, 175.9074354148002, 71.46740978889981, 173.95955767629655, 164.99456542263684, 171.1186040765135, 178.70878607076443, 99.16997414988703, 170.41115386463895, 99.42720370786425, 169.02529862532478, 113.6899259766291, 169.9414890726816, 105.9389357281532, 135.48737919535338, 172.94564915728728, 172.89750893221907, 153.38302569983304, 120.5013580979785, 164.6318181292803, 151.82797679005586, 129.6744058432305, 58.79342256197122, 170.57328706182474, 173.92609894332475, 104.2462105384713, 153.08499777091845, 161.61045265780356, 165.3219044289201, 111.1587055570338, 125.77612883735002, 159.5990269695238, 183.04519224719826, 161.28597634137157, 175.5302417507346, 181.3895133423077, 151.10577070813298, 99.17508285794685, 101.47377975339052, 163.46666816397814, 140.49348595136672, 183.2051222239367, 165.7264371037426, 176.25260283563858, 180.55936006129025, 109.41351612058173, 122.0026111422338, 108.61453399862343, 172.85970675969043, 119.2953054004476, 183.91916484461376, 181.45993162858053],