{"name_model": "swimmer", "task": "swimmer6", "label": "size=32_", "num_episodes": 200, "batch_size": 128, "duration": 200, "actor_learning_rate": 0.0001, "critic_learning_rate": 0.001, "hidden_size": 32, "hidden_depth": 1, "gamma": 0.99, "tau": 0.01, "rewards": [5.070858120185077, 2.120474756269897, 4.006929004889082, 1.6429986772657, 3.0337656179577603, 1.6368102120860053, 1.1300263609456898, 2.183128792958983, 1.176150731080116, 3.3762115337941627, 1.8194039608959331, 1.4927967884940199, 1.0927244339884334, 6.935595118724078, 1.1975882384500298, 1.0772326025925005, 2.275475245073475, 2.0636625926292784, 198.96432271227948, 39.99121301912863, 1.2862061504585611, 1.5685964241117873, 1.386809846724497, 1.002961033307823, 5.915914102661611, 11.397084835229617, 4.967460068693535, 69.83041494228456, 7.804368809284386, 159.2962745535087, 181.5877679136684, 1.9005167712112665, 1.5520108179473744, 11.425525284397985, 2.011351214599189, 1.420815602623492, 1.1364494527567586, 2.280987146845594, 1.7947375475296619, 196.54233041183036, 1.1767573656583385, 1.141997024539394, 4.177722005183511, 2.8121480895502358, 74.8419557377088, 67.59488671605087, 1.0283612494176044, 3.0949335765842663, 2.083453728746738, 1.191529266057097, 18.065895160173888, 1.1761144839413784, 1.8399805022912337, 19.92516315045331, 5.395903524257123, 104.18714966280848, 1.6886402288534301, 105.27093843872859, 2.766080026503388, 1.5295995104120155, 1.1634206490168286, 2.0020523327827258, 5.039333134458647, 200.0, 42.50799919218974, 11.120120453319638, 3.1720694333019934, 17.928685491195267, 2.712599338612096, 1.8175754073871164, 5.735122456788654, 1.5485951357613352, 84.02785606394181, 185.32958695105376, 136.00614946396797, 1.6506607655786942, 185.84076855877865, 3.3939865008943277, 125.6277911203354, 187.630857686782, 2.628460925340174, 1.161957880192122, 14.18832954006665, 58.99040360214802, 25.93390884465758, 85.94897150483352, 152.20832763126668, 3.1080126988977597, 1.093788957667228, 1.929070680336513, 1.6607301810250696, 45.88565070180947, 4.35399294404236, 2.3023817865333047, 2.3382101537660254, 29.036933389363952, 40.776268024365955, 61.2313312979753, 13.852337870807247, 1.6289397217516723, 30.415009763987698, 200.0, 197.42844963646502, 2.455495467344238, 2.6865320916101783, 95.47287919119452, 1.2481863237347453, 0.791585624748579, 1.8348022949232443, 4.918365860294809, 1.5645255186219411, 10.352047375147642, 4.666511554196858, 163.28824315828504, 2.248984434893565, 2.2261825726363704, 1.1688725646012028, 1.6630416362873381, 5.086718254104502, 1.4654888486559585, 0.98781948479932, 4.306155389070175, 161.804797131638, 120.74829064268364, 6.615297796811194, 1.778390849973831, 1.4422271122453403, 11.379849505334077, 81.80935548283367, 1.1861420899879613, 1.0681883543655386, 2.599758822462251, 9.001835061150567, 1.6293771818798937, 44.72834487832889, 1.457948796625146, 3.6077536812933944, 163.02441349402528, 1.828182757765854, 1.2490997706802254, 1.9429564210566819, 7.844449227591809, 146.70986759255598, 1.9291419870747386, 1.7469963411009704, 1.4506540409112083, 2.3328252277640678, 4.002583075984774, 2.8953400392535404, 2.1626332623012967, 1.6731318719817976, 6.826285723309994, 7.72596634457092, 6.885091539786792, 4.116250721823968, 1.5546183437784558, 28.198221248922994, 4.009963841323465, 136.0626367360924, 1.5673159828096985, 196.23054132308417, 10.239021712129434, 92.48677665505053, 15.370162895073394, 6.6152411470038786, 1.1681738958298133, 1.0960709063517926, 1.8293532513807595, 1.5313375874631605, 179.29818150858102, 26.63580771920789, 116.31642841445363, 5.291657571528381, 1.5640233491691442, 1.5601755671928172, 30.48261382321278, 1.9877716087636847, 1.4592329813292184, 1.9262549669900468, 4.4634604351456115, 19.90868305661648, 1.9921572488161041, 56.445524206565295, 2.1906901833572485, 1.4135334888905118, 1.768375326477537, 2.878153230693921, 1.8401835875258485, 1.0926333401344641, 171.7481339743665, 196.92877535596165, 115.85845486932271, 0.8623333557977222, 1.9047931944308465, 1.0617678482202657, 1.2047823141235934, 27.058355068824007, 2.4306100419445045, 2.982117462640489, 1.6569044300065048],