{"name_model": "hopper", "task": "hop", "label": "size=64_", "num_episodes": 200, "batch_size": 128, "duration": 200, "actor_learning_rate": 0.0001, "critic_learning_rate": 0.001, "hidden_size": 64, "hidden_depth": 1, "gamma": 0.99, "tau": 0.01, "rewards": [0.0, 0.0, 0.0, 0.0, 0.0, 0.0, 0.0, 0.0, 0.0, 0.0, 0.0, 0.0, 0.0, 0.0, 0.0, 0.0, 0.0, 0.0, 0.03793815183653226, 0.0, 0.013108685041909762, 0.0, 0.0, 0.3519566617774721, 0.0009104845020067032, 0.0, 0.0, 0.0, 0.0, 0.0, 0.0, 0.0, 0.02480978197737993, 0.0, 0.0, 0.0, 0.0, 0.04647892487396943, 0.0, 0.0, 0.0, 0.0, 0.0, 0.0, 0.8246270920214908, 0.0, 0.0, 0.0, 0.0, 0.5346093064772918, 0.012701774652546849, 0.0, 0.11727001872916565, 0.0, 0.0, 1.6886537380964914, 0.0, 0.0, 0.0, 0.0, 0.008432852897865772, 0.0, 0.06448648958916481, 0.0, 0.0, 0.0, 0.0, 0.0, 3.992038056047042, 0.0, 0.0, 0.0, 0.0, 0.021827728103942623, 0.0, 0.0, 0.0, 0.0, 0.0, 0.0, 0.0, 0.008187869465446251, 0.0, 1.291106239643757, 0.0, 0.0, 0.0, 4.4963461649505376e-05, 2.8501312019410596, 0.0, 0.0, 5.464382107153958, 0.0, 0.44291015690685287, 0.1604940013368651, 0.0, 3.422248195944655, 1.9450842955417484, 0.3335188367732843, 0.0, 0.0, 0.2735345044480374, 0.0, 3.523267282681638, 0.0, 0.0, 0.0, 1.1173387767991394, 0.0, 0.0, 0.0, 0.5988035966695049, 0.0, 0.0, 0.0, 0.0, 0.0, 0.0, 0.35915482386513964, 0.0, 0.0, 0.0, 11.901824283518526, 0.0, 0.0, 0.0, 0.0, 10.259290239632499, 0.0, 4.5002120452365855, 0.0, 0.0, 0.0, 10.458710384854129, 0.0, 13.928156241725395, 0.23128537751015743, 0.0, 0.0, 0.0, 0.0, 0.0, 0.0, 0.0, 0.0, 0.0, 0.0, 0.0, 0.3532656949838753, 0.0, 0.0, 0.0, 5.318625056427957, 0.4884781692265019, 0.0, 0.0, 2.9310565152969437, 0.0, 0.0024801330174895053, 0.002174968576198588, 0.0, 0.0, 0.0, 0.0, 0.0, 0.0, 0.0, 0.0, 1.2111138154929377, 0.013757251836171713, 0.0, 0.0, 2.245403038990228, 0.0, 0.0007979484151108274, 6.0172484910885755, 0.0, 0.0, 0.0, 0.0, 0.0, 0.0, 0.0, 0.0, 0.0, 0.0, 10.045262025533923, 0.0, 0.0, 0.0, 0.0, 0.0, 0.0, 0.0, 0.0, 2.744547233427712, 0.0, 0.0, 0.0, 0.0], "avg_rewards": [0.0, 0.0, 0.0, 0.0, 0.0, 0.0, 0.0, 0.0, 0.0, 0.0, 0.0, 0.0, 0.0, 0.0, 0.0, 0.0, 0.0, 0.0, 0.003793815183653226, 0.003793815183653226, 0.005104683687844202, 0.005104683687844202, 0.005104683687844202, 0.04030034986559141, 0.04039139831579208, 0.04039139831579208, 0.04039139831579208, 0.04039139831579208, 0.03659758313213886, 0.03659758313213886, 0.03528671462794788, 0.03528671462794788, 0.03776769282568587, 0.0025720266479386635, 0.002480978197737993, 0.002480978197737993, 0.002480978197737993, 0.007128870685134936, 0.007128870685134936, 0.007128870685134936, 0.007128870685134936, 0.007128870685134936, 0.004647892487396943, 0.004647892487396943, 0.08711060168954601, 0.08711060168954601, 0.08711060168954601, 0.08246270920214907, 0.08246270920214907, 0.13592363984987826, 0.13719381731513294, 0.13719381731513294, 0.1489208191880495, 0.1489208191880495, 0.06645810998590043, 0.23532348379554957, 0.23532348379554957, 0.23532348379554957, 0.23532348379554957, 0.1818625531478204, 0.18143566097235228, 0.18143566097235228, 0.1761573080583522, 0.1761573080583522, 0.1761573080583522, 0.007291934248703058, 0.007291934248703058, 0.007291934248703058, 0.4064957398534073, 0.4064957398534073, 0.4056524545636207, 0.4056524545636207, 0.3992038056047042, 0.4013865784150985, 0.4013865784150985, 0.4013865784150985, 0.4013865784150985, 0.4013865784150985, 0.0021827728103942625, 0.0021827728103942625, 0.0021827728103942625, 0.0030015597569388874, 0.0030015597569388874, 0.1299294109109203, 0.1299294109109203, 0.1299294109109203, 0.1299294109109203, 0.12993390725708526, 0.4149470274511913, 0.4149470274511913, 0.4149470274511913, 0.9605664512200424, 0.9605664512200424, 0.875746842946352, 0.8917962430800385, 0.8917962430800385, 1.234021062674504, 1.428524995882514, 1.1768637593657365, 1.1768637593657365, 1.1768637593657363, 0.6577789990951443, 0.6577789990951444, 0.9658147116726227, 0.9497653115389364, 0.9497653115389362, 0.6075404919444708, 0.5247659400702099, 0.49141405639288144, 0.49141405639288144, 0.49141405639288144, 0.5239409656150282, 0.5239409656150282, 0.17161423734686443, 0.17161423734686443, 0.17161423734686443, 0.17161423734686443, 0.05988035966695049, 0.09579584205346445, 0.09579584205346445, 0.09579584205346445, 0.035915482386513965, 1.2260979107383665, 1.2260979107383665, 1.2260979107383665, 1.2260979107383665, 1.2260979107383665, 2.2520269347016164, 2.2161114523151024, 2.666132656838761, 2.666132656838761, 2.666132656838761, 1.4759502284869084, 2.5218212669723217, 2.5218212669723217, 3.9146368911448612, 3.9377654288958768, 2.911836404932627, 2.9118364049326266, 2.461815200408968, 2.461815200408968, 2.461815200408968, 2.461815200408968, 1.4159441619235553, 1.4159441619235553, 0.023128537751015744, 0.0, 0.0, 0.03532656949838753, 0.03532656949838753, 0.03532656949838753, 0.03532656949838753, 0.5671890751411832, 0.6160368920638335, 0.6160368920638335, 0.6160368920638335, 0.9091425435935279, 0.9091425435935279, 0.8740639873968892, 0.874281484254509, 0.874281484254509, 0.874281484254509, 0.3424189786117134, 0.29357116168906316, 0.29357116168906316, 0.29357116168906316, 0.00046551015936880936, 0.00046551015936880936, 0.12132887840691362, 0.12248710673291094, 0.12248710673291094, 0.12248710673291094, 0.3470274106319337, 0.3470274106319337, 0.34710720547344487, 0.9488320545823024, 0.9488320545823024, 0.9488320545823024, 0.8277206730330086, 0.8263449478493914, 0.8263449478493914, 0.8263449478493914, 0.6018046439503687, 0.6018046439503687, 0.6017248491088576, 0.0, 1.0045262025533923, 1.0045262025533923, 1.0045262025533923, 1.0045262025533923, 1.0045262025533923, 1.0045262025533923, 1.0045262025533923, 1.0045262025533923, 1.0045262025533923, 1.2789809258961635, 0.2744547233427712, 0.2744547233427712, 0.2744547233427712, 0.2744547233427712]}