{"name_model": "walker", "task": "run", "label": "size=256_", "num_episodes": 200, "batch_size": 128, "duration": 200, "actor_learning_rate": 0.0001, "critic_learning_rate": 0.001, "hidden_size": 256, "hidden_depth": 1, "gamma": 0.99, "tau": 0.01, "rewards": [4.245191548506146, 6.515975774622419, 9.867106437776709, 5.566300799983232, 8.59653635077239, 4.375705677495906, 10.501517836968892, 5.463350937682871, 7.241545062370248, 8.82690151267295, 9.149535970589536, 9.643843533058202, 4.473159117420034, 3.9293425065580694, 6.428154515663466, 7.554116075992298, 5.978384920799704, 10.17810726297288, 10.467854211940711, 7.4513619523601164, 7.8235719246056465, 14.392886718072813, 12.517851591743607, 12.705203447191602, 6.956169352671146, 7.041603379841395, 14.359881844533678, 9.412980432141662, 6.7717771481148175, 8.443765713855852, 7.0401765677227734, 11.780003871653115, 11.819899599457026, 15.148373061583705, 16.154848662246557, 9.551956503112978, 16.934630636431645, 8.977815135378691, 10.49340422623458, 8.508810635339815, 11.085076668995812, 13.083825683069822, 13.52180509092454, 10.245381184474418, 24.163510089958827, 8.767926926804295, 5.07649506102485, 14.988982918924574, 11.688959204121254, 12.824813882793844, 15.558376527113413, 10.519225982922695, 14.817222130633315, 7.467371966349429, 5.30689956206886, 19.423928161939866, 17.599798677157988, 12.343257268874517, 14.306441890029749, 9.36761001389397, 19.67314985065073, 11.093426492576121, 9.098598022910886, 5.092787883089499, 15.337842190763958, 10.309744272115642, 14.090553294357202, 18.173169616900694, 16.49047294913896, 8.319800317210928, 14.827928643766205, 8.311488492717642, 11.769420636111715, 14.797729485951253, 15.443842923094312, 19.45589690757565, 11.384621451453091, 13.846181566435293, 17.970680000087405, 11.755916064926529, 9.437711646947067, 17.711185936875307, 11.995463227545184, 9.370074612789612, 18.876365352499924, 21.10447920770829, 10.177521694548586, 14.216070303268378, 15.37081356494192, 22.90760273208897, 15.018254132302275, 20.747456846061173, 13.738315290518168, 12.292847351602054, 19.827748270488428, 15.359363866647481, 17.141124925699685, 13.975368133062931, 8.676614771921194, 14.915363252798436, 16.847010465502663, 13.25586129476693, 15.213231297852063, 11.548700393975498, 22.096385319775386, 9.246689424737877, 21.119380870912753, 18.87400353297399, 7.192488799828653, 15.643036327702951, 13.18210474732436, 17.77819447376911, 18.757619885237588, 9.675534279146778, 22.83008065610308, 11.851781391599003, 14.413247805526817, 19.560569778750395, 16.457926842376214, 12.463199920921157, 17.805672237751303, 11.729406295702654, 15.60189722732557, 14.576498399571497, 17.388118665755993, 15.417624256284896, 15.448362407660206, 20.92286202804055, 12.922225053036012, 16.89624097210107, 19.975559063177773, 10.115583042371602, 12.703925954602092, 18.13263297449598, 21.78844515956367, 18.986911147877894, 19.079488155099746, 13.259643627340495, 14.415272026752387, 13.238863783602774, 13.85790963702345, 10.993729451684638, 10.64423284511204, 19.785795950710543, 13.23351399734494, 6.418861664965308, 20.716440832104645, 25.915045446963028, 21.15145724210177, 16.701250916927872, 15.224740482395394, 15.059307669680097, 24.47909022442389, 11.275178364135463, 16.138841230104042, 13.51705973921614, 20.331297293775282, 11.399385684771866, 9.526846669367927, 23.03265764284965, 23.920332881231097, 8.150612985934357, 16.35335806842107, 19.68439649242799, 18.076617124180856, 14.01839192389022, 19.47741444717823, 17.334878963837063, 15.86854386587707, 12.820672353083088, 21.255312656862746, 19.20764599730873, 17.549106185448217, 14.962404957646175, 18.00629772280851, 14.419818844382162, 17.83516324879198, 11.859047250304128, 18.107443194035266, 12.222712575362326, 20.622850320365288, 15.708353033232843, 15.764912675325434, 18.164780504189597, 13.711211967937151, 15.0297364743488, 24.84969921250849, 15.393814283497843, 17.920795183650178, 24.095036666015588, 23.75989850464544, 15.905047408213756, 14.245431054402076, 13.59347529516065, 21.569235493780507, 13.247871498727918, 14.848294333405358, 18.429244304399365, 6.737807232384167, 22.766486839801864],