{"name_model": "swimmer", "task": "swimmer6", "label": "size=64_", "num_episodes": 200, "batch_size": 128, "duration": 200, "actor_learning_rate": 0.0001, "critic_learning_rate": 0.001, "hidden_size": 64, "hidden_depth": 1, "gamma": 0.99, "tau": 0.01, "rewards": [2.1840842388824107, 2.0196028248393856, 0.9627468193249784, 1.6051319983647423, 1.8869171970503034, 5.455573431948853, 1.9309498182392772, 0.9140536817638121, 1.3107238014193807, 6.626272639040964, 1.2229290673714468, 18.73374896968342, 13.388607872676106, 2.542139728890455, 13.351593641189288, 2.805744912195162, 3.124401909550648, 110.49248721380955, 195.41584572158962, 106.12367269655375, 2.4837008249971237, 2.074636726954151, 89.55768093867988, 2.3998147475778904, 80.08692438340854, 52.64565925490269, 1.5188213929918692, 0.9360229415836852, 114.64258882145701, 77.03413906803708, 3.37298357538411, 0.9039670534506488, 2.012404006306432, 151.63035461220977, 18.940572214106435, 1.1544473818593335, 121.96332435224049, 111.39216961165822, 1.6369629120871592, 1.4465016249872336, 10.68305020942293, 110.7990349119189, 1.4399238621079127, 2.327949146662198, 1.5167381172014218, 149.3253041835222, 3.170474679697744, 2.5924668160338618, 1.9607263663978112, 2.5297536756984287, 3.099012212800564, 4.848339636554158, 122.6006360475437, 3.344734507147895, 12.709616713476, 7.665173679610575, 33.06876703808717, 2.1132491256291894, 6.039975050921325, 3.338565634943492, 4.071781681223925, 1.7861912804133786, 1.9313981077500924, 4.599882902988381, 2.1598407053103803, 1.703489940310994, 1.3075453958031986, 3.304020106939625, 2.225877814456148, 2.5504430740562425, 119.60146757585507, 5.789580384554322, 2.527194409814106, 40.6957132821498, 16.86267561170979, 1.4537934173350222, 13.403258072566215, 1.6628630374370528, 68.28912447356042, 196.18851669542454, 6.623156604956125, 2.2012011225531323, 0.9554887761185599, 1.1854561709093758, 2.174582936944762, 2.2962508312048207, 73.15773923368094, 177.51753805996728, 2.486215357341281, 65.2969407832028, 135.86792712754774, 2.679080842019061, 153.64532615904335, 3.70780630627254, 2.283160531395319, 185.46885692097845, 1.7457756439003207, 181.00318491662614, 3.0650787131068546, 3.0628046585021216, 2.6709656753616957, 34.542793611997496, 3.9110848550629753, 33.627496632361456, 139.62853216308054, 5.9100892720356395, 1.4461421130821601, 1.6326352454243014, 3.503894434559139, 79.9171899512195, 23.850805502042853, 1.2953167728133546, 1.185736210209053, 3.0024904231051, 2.2942155234755384, 1.6427650268407064, 191.63845008399213, 2.036293664629154, 2.0074931548048047, 154.98148347658338, 2.030536018800841, 142.34713015261508, 1.241942807233411, 91.19275148790926, 51.129499744923244, 163.949489135396, 3.0591286454217466, 21.880548341579185, 3.767567379537725, 1.7655622444197643, 124.02432629116957, 1.8727554106553954, 1.814359687844898, 3.2422111565029184, 20.208108670772965, 1.6985165528235113, 2.0710182231313947, 10.985876872477364, 2.279668407597113, 1.179970139891005, 8.586653720766272, 2.003197121944235, 1.149140815205559, 2.475891892993564, 3.9231622724489763, 5.697991577279597, 1.2195502369806919, 3.4774165718343837, 0.9557310466731398, 0.9175272822225266, 1.5435661038875022, 72.97646671292229, 133.03479828179823, 3.848256333955537, 199.0922153080507, 3.5628613676024625, 138.53133077236635, 8.099345787539004, 1.1377581578392548, 2.6639578790314644, 3.499865315822964, 86.24340139231968, 1.2870843453386227, 1.0748001393275661, 2.2296645683405747, 2.701981912137304, 195.23771934659163, 199.64871274914148, 1.9673246821703607, 79.38576160691001, 2.0445047804504095, 94.00805915267709, 1.7920432495486918, 1.775699112112212, 1.784523801993615, 5.204556987963989, 1.354976828826142, 1.2281662546038077, 2.3380416488178706, 1.531209177446592, 2.087373513667407, 60.30579725250959, 82.88842794992311, 3.2496845321041365, 1.933604127269889, 2.0750374427277265, 181.7335140707391, 7.128821015743793, 9.29326270432169, 1.246190122706282, 0.907577434504076, 119.29856507882722, 2.366216319950366, 2.9288786400540543, 1.9085432906832027, 1.8697582386848035, 5.7254919781006235, 3.2189716469355196, 2.5265092702496186, 18.85938992837796],