{"name_model": "cheetah", "task": "run", "label": "size=64_", "num_episodes": 200, "batch_size": 128, "duration": 200, "actor_learning_rate": 0.0001, "critic_learning_rate": 0.001, "hidden_size": 64, "hidden_depth": 1, "gamma": 0.99, "tau": 0.01, "rewards": [3.1595514465564776, 1.2829696204218173, 1.8469269759445917, 4.177102695283162, 1.103483628919306, 10.08367088630228, 2.0531430529354497, 3.606142516697991, 7.659164283931287, 1.1869592424891269, 7.846819237744462, 1.5364950612041415, 0.3757976977277444, 2.196789984284715, 4.780787917037135, 2.0836317653838616, 1.5842282102368848, 3.114592309763663, 4.154122612190598, 3.312510981727202, 3.9402374646709415, 2.737433376795738, 3.1349431072520417, 3.235040280024709, 9.588539805758774, 1.3065757829236269, 0.9789906183735919, 13.609370649005875, 7.017529230398303, 2.6178974969308646, 2.771704652037109, 7.617008095251913, 4.087082553398736, 8.675434849898673, 9.884909063895867, 3.5662097069966636, 5.509541260559099, 7.071416874968286, 5.982863256065171, 11.472040419043578, 11.033008422036676, 5.859519315751204, 9.82168541477437, 6.199381239258109, 17.415691502078463, 8.231421586782705, 2.3608166321249415, 3.5952725659049527, 10.818069770719553, 5.204527477513752, 7.8637353140621995, 9.710952456383653, 4.839940944837355, 3.6173453712219112, 16.12032417237174, 12.970870209981207, 8.694593802998272, 7.3378137697259795, 10.713791511424837, 9.118994979628416, 6.241095626416595, 9.705367487695222, 20.550515896826056, 13.506902913534182, 17.83174385004345, 8.060080661362097, 8.965583645816134, 11.63564801242421, 11.170353696732535, 13.277840604702297, 15.717996653697371, 18.04337696961069, 10.210458539889329, 23.756665945968837, 19.184328751566163, 21.24142027691216, 11.154134515275976, 10.23263214758731, 9.410605234178833, 13.925389842473912, 29.236194209162676, 9.169422042038912, 13.915869093840474, 8.371990393249675, 8.89457598724534, 4.09405149963099, 7.374062933076864, 5.846091104183007, 5.930598808196709, 9.400203319630105, 17.599620617218417, 5.460778441946011, 4.778705888514672, 8.050333777653071, 14.47551060817791, 13.70027184804076, 9.690270839924718, 10.290309006411828, 20.75776248418777, 22.36007798281231, 4.4871630018237685, 13.765821956790209, 13.53219048933235, 7.805834493129977, 27.4569054356056, 24.31693772847544, 40.96569048824785, 9.602185971084543, 21.65162957898277, 5.4687629905819275, 14.828053729715247, 17.30052901820481, 6.477118337572843, 18.640212426337396, 12.699956511262279, 19.939043358714216, 11.565227894238982, 34.71765949214457, 16.13938939491742, 20.53407027944239, 14.82395210556894, 19.191270518740314, 28.15244440933278, 13.029433286589741, 10.026259016042804, 23.606996520351235, 19.542297428062785, 19.33583678751661, 9.67189311437145, 23.43752969698125, 14.812958642830967, 18.21016211463531, 29.96862641461495, 26.53966874556625, 20.06900328197648, 7.233831721519506, 6.965918121294304, 12.666121778980997, 0.7201714670334126, 17.59845045366944, 11.300223631716674, 20.567662374806233, 14.942455893440963, 6.416158634351006, 17.543412952600303, 21.580632228822772, 22.41933347547933, 28.505841369312513, 21.85321381919981, 30.303895472408527, 17.001616736119924, 21.34651900300965, 18.433399954239974, 17.827709115135093, 8.160147573356483, 8.216937123197642, 8.592387794748754, 16.047928054268095, 10.89108567607365, 23.630086608195807, 6.7043987162895124, 10.46190392238842, 13.016877442117275, 18.575360468665846, 13.248779967713832, 7.41550816231842, 9.014835125509613, 23.10068856130514, 12.028721869125663, 7.230567631587575, 28.031845183357436, 17.11783096950337, 14.76382222584435, 17.563634106948726, 6.06283783167138, 15.463712337182846, 25.055959102461344, 22.91559516821207, 7.558809318640004, 28.74148022307423, 26.250319145766618, 24.599354689025567, 25.978342226941784, 22.148654597156384, 12.43983191687985, 22.374175742257968, 11.175998411441604, 22.25379854808781, 21.16841527954643, 27.771698601174936, 27.031647386120596, 14.42599657937027, 25.506408619332856, 29.529377504126177, 23.770604780874553, 29.05744456461504, 13.43687169011553, 23.818374238780542, 16.44351020910376, 24.89624322084868],