{"name_model": "walker", "task": "run", "label": "size=32_", "num_episodes": 200, "batch_size": 128, "duration": 200, "actor_learning_rate": 0.0001, "critic_learning_rate": 0.001, "hidden_size": 32, "hidden_depth": 1, "gamma": 0.99, "tau": 0.01, "rewards": [9.056790910213154, 6.171015956501321, 5.694361664358608, 5.957353373771061, 6.879070829697224, 6.596685586298459, 5.42848473993679, 7.286476079997388, 12.672079535141371, 9.519709951888757, 9.644327298645004, 5.024490611326947, 7.178885846977257, 3.2895069490198168, 5.866790005647695, 7.138475937058105, 7.779963038809774, 8.27235826962905, 8.411582757279552, 11.028734494390413, 9.783540538096402, 10.394516608183428, 12.5711449580109, 9.232363494661367, 4.550808416579571, 5.687014870694098, 6.142501351375155, 7.631265450585984, 8.572923048720858, 10.664458198914625, 5.628245379950137, 4.429382178605673, 5.612511927272611, 7.738972974725426, 9.445251187444489, 8.043498216178575, 5.051289530406945, 8.619602966040196, 8.650757598271706, 5.857066091706162, 6.130331582530458, 14.033702359835022, 9.645478359270752, 6.841643865088926, 13.35250194273109, 7.224652367319787, 12.733723456701197, 6.293476932782566, 8.850192049465274, 4.048668630370563, 13.81547222491461, 17.59397987300746, 17.794796445767226, 11.884173620185736, 12.501560018212686, 7.022895609411882, 7.18893696305681, 5.876802239342691, 6.0426961210290155, 6.977443519227669, 8.080579205657017, 13.484129265048546, 9.341874842739319, 18.91496687262009, 7.494028486111513, 10.562553716633474, 6.290150351596728, 23.091264487782215, 4.507716919700254, 14.500865313501908, 5.153514317010829, 9.938827025369891, 15.154248253453558, 11.325102178721874, 9.331392233057814, 8.983556717225492, 19.098490288447493, 10.634921305568298, 10.314839403270337, 21.12285872876162, 20.828939847396303, 12.177508168853276, 15.948975085328787, 6.097955400995852, 8.573585328023169, 11.629456448436445, 5.077900587559398, 4.6920825482632535, 9.086587764069652, 6.063812607890723, 10.735363058097786, 17.77332974023058, 4.723712162665417, 5.727777878967325, 8.851209420266024, 13.875738704056934, 7.593283450860692, 15.19160679357393, 9.586127801927905, 4.675012578106169, 5.572666431054748, 9.618030984722578, 12.082642826232021, 6.904254168568235, 15.980627918029787, 11.287172710216657, 13.968360674585915, 10.12129293694284, 5.595240984497411, 12.796386394979525, 20.41048943687848, 7.946180925767587, 8.830032276459862, 16.216299009952568, 6.1321700514243265, 7.397494893687462, 12.07949576622937, 17.04798798146342, 10.802999509092837, 9.306687789515706, 12.411470481666644, 16.387912610618294, 9.829588472748418, 15.15212041401669, 16.111733140030996, 8.149707947312768, 17.95111919758666, 17.8745058124186, 9.765426001827116, 11.674830388109942, 16.379941911663103, 14.114533528827346, 16.643916472892613, 17.1490966952075, 9.904721458087382, 22.396775029202946, 14.388610428107308, 14.411798712002328, 14.69791951018552, 16.088279888862402, 16.667216591168135, 16.520919713887764, 18.112583915855296, 17.222256959655407, 17.570308081818023, 11.116098103878922, 19.9915864396224, 17.58299318337687, 14.894064979506258, 16.239003846200287, 18.142999163937205, 11.979925110571983, 14.177131572272053, 18.220542345234115, 13.852111734294443, 19.02003636726927, 20.14597702428345, 13.816783324057086, 10.032572314911306, 20.544494823527174, 15.610358041448645, 10.545984697005887, 10.52039644857748, 17.89090102838786, 19.43111906438957, 16.10776083806581, 13.182527477117027, 17.66501976569603, 18.469718783733665, 24.0233073110838, 20.976047327574403, 17.42704682710993, 23.234266565880965, 19.512475599976803, 13.942035181435836, 17.769842070124362, 16.67460703227754, 17.501536548517453, 11.567531190847744, 22.062295881914388, 21.07834015772907, 15.272737877395246, 17.540301022201138, 6.365681442359, 19.27539640688251, 10.992213663949208, 23.471077382846183, 7.081790583343497, 11.568440344513004, 12.336644407396884, 24.06453879036112, 12.883724892253328, 13.634924406501291, 17.381157555790736, 13.226525910624654, 21.766693696196377, 9.35429390741543, 18.336135625992643, 14.543995242612189, 14.16498384270216],