{"name_model": "swimmer", "task": "swimmer6", "label": "size=128_", "num_episodes": 200, "batch_size": 128, "duration": 200, "actor_learning_rate": 0.0001, "critic_learning_rate": 0.001, "hidden_size": 128, "hidden_depth": 1, "gamma": 0.99, "tau": 0.01, "rewards": [3.058476156159761, 117.24039261883998, 2.9045400590464694, 2.6926468693856203, 146.7895995104732, 1.4051421381853388, 74.78710714382024, 185.71232991471567, 183.82658458816766, 1.783082374409789, 89.72631716521049, 1.0368977674758684, 1.081148737977922, 7.886486520187415, 196.4701095143434, 1.9330852889368504, 1.77256170838247, 1.5841211257567214, 1.3335786371574354, 35.09041489209633, 80.58884148916954, 6.06780338768346, 9.72053720338378, 60.97008022590383, 6.917054759596176, 2.906240855588142, 5.678156739136867, 2.065146095204609, 6.3154597679611895, 33.826923250942855, 2.7409861672979736, 62.50291072276488, 77.29085678721701, 13.250017987146562, 1.6628332118448124, 1.058423645090261, 1.7791607592630865, 5.317790458933968, 12.394629630761495, 116.60771677818997, 4.915700305305805, 2.5186046790468923, 169.59618740358812, 0.9599900538914089, 72.3168486878021, 3.778979973123648, 3.8398256943760267, 1.8778610405640344, 2.1813313595173467, 148.92740020896, 199.8898202747631, 3.361088878950723, 38.57462641927411, 2.8487706335629155, 28.20006675339368, 1.2265781493495926, 1.2623295825967966, 2.781286823801425, 2.5497669356529795, 103.4983199838754, 56.36178375775361, 40.347647616964416, 192.4166785778966, 175.42787708970383, 3.799096853018428, 1.818907861145436, 198.98200262266772, 151.8228900957099, 2.3575710546690036, 1.380562755021217, 1.11057053446929, 3.2845246624642375, 164.26188542917748, 3.085079649706396, 67.30051398768548, 52.51649094320959, 0.9846448220458208, 8.42748211653465, 10.157505084294414, 1.740813079039721, 71.39920838941981, 71.05242742133049, 5.482864017562128, 1.4576588068506302, 1.9139310186151615, 154.81113041559823, 0.9236572669553336, 3.437950952917701, 4.153108094886883, 4.665486239594462, 3.897300557786924, 3.600517471228249, 5.288531512296148, 1.7615178677653005, 1.5456544612078007, 130.91728439069107, 14.677502960706233, 39.71135803610749, 23.439422500206117, 1.4914815452114023, 1.2002722863272284, 132.63198661090684, 15.004899955913713, 2.165375990608153, 1.6211792111584615, 2.041451999081767, 6.698796146956524, 4.16604258547779, 186.44656913510684, 2.5550718753070196, 2.1576942906056282, 12.218628853268287, 12.082401730558697, 1.5003922962094247, 1.4289108339739593, 4.675648608901023, 2.396134965216627, 1.3694660159785024, 1.4671416419390233, 189.62801343774854, 5.930104794809502, 2.8807849825842036, 80.1974305033282, 2.991653462417046, 1.5100070557858551, 2.136848319511658, 5.4191280955009615, 5.966456930682139, 1.8805137305960373, 9.273115046699765, 5.510110993223267, 29.038193494797227, 2.301352362218568, 105.59783869867267, 1.8281695342425748, 1.595950363228405, 3.127660097473098, 2.2656686382127575, 1.4605728382773173, 2.718170040100913, 2.4083617851471883, 1.2729706553508424, 1.5402073148344584, 0.9323953271036062, 3.0165147491829365, 11.926255985867044, 2.71503273174168, 2.9378356703956845, 3.4726390400497156, 1.3347304346758122, 4.33450387572475, 8.587541948013763, 2.603017261710659, 3.8179780426270957, 1.528487401132859, 1.1010523155290861, 19.102260225355796, 2.079849674891294, 0.9114864350717753, 1.8415619287005314, 2.1580433616868153, 164.4748200523541, 15.558192374337542, 1.7490189940810776, 2.907068132592228, 58.29604375387419, 3.4392413444888796, 44.37767396477374, 2.2742095600050476, 10.2021999827014, 6.208879468189817, 1.413415313516309, 1.9124143092698278, 150.98964929211076, 180.43501979050168, 175.22477433854823, 2.4935495030043575, 1.9190982835002337, 193.38700221611435, 4.463215994487999, 7.967821052188647, 113.12544192988467, 1.8045285094249914, 1.7085787266488406, 1.9174196209879941, 3.337373829709083, 1.7582177924148108, 4.245780743453134, 5.455169740168072, 179.74438458228497, 9.260022338021411, 2.4334939441575263, 1.7161843865195185, 2.8603431734859326, 2.6437141619197226, 2.302924737940998, 2.338745140566011, 1.9547063258772284, 6.3263255489986845, 1.7002909371556354],