{"name_model": "walker", "task": "run", "label": "size=128_", "num_episodes": 200, "batch_size": 128, "duration": 200, "actor_learning_rate": 0.0001, "critic_learning_rate": 0.001, "hidden_size": 128, "hidden_depth": 1, "gamma": 0.99, "tau": 0.01, "rewards": [5.431443701866968, 8.892429995111144, 6.468418992971117, 12.005989225917652, 3.4311311771584347, 4.778326130794898, 6.135236126263318, 4.2637984988018, 5.047214851477373, 8.714623461475746, 13.979789637262082, 6.0522603110268385, 6.72813875305684, 5.119484633191762, 6.106517903824978, 7.055316939202659, 8.46972140306603, 6.331625355862021, 6.852018002780601, 9.142088960497274, 8.574171816519797, 6.202556581319233, 11.270651499258118, 11.578549456103612, 7.0696291123569965, 15.96985924361372, 6.809702389010114, 6.316301778833617, 9.127041085508054, 14.521067776936537, 5.5195157503309735, 7.043914294410284, 6.000659523647404, 12.107321222585696, 15.160035589733269, 12.4175603726383, 12.170127888278799, 12.640756902462716, 10.517210780429126, 11.641809312258552, 9.449646833028718, 8.559874256150547, 5.744819117268448, 10.841992014060036, 12.183032218638319, 6.0456327191349795, 9.544899107629426, 9.58493285515176, 14.159200170514373, 5.489760038798612, 7.806561364458206, 8.974069896766464, 12.510209436556082, 7.556493368683847, 9.226569524312696, 8.070132763248195, 7.406836556149751, 10.412538447739996, 11.408850058788017, 10.126142852732043, 10.091749176326772, 8.933094533933033, 15.004370222697563, 12.352403689937944, 8.094209521903895, 15.778706079269071, 7.525182518099137, 8.072058745360945, 9.442133548824204, 15.763916538454005, 16.378336728608193, 19.740863702444035, 15.327005260724547, 25.114207023937563, 11.93892358690657, 19.471499831774455, 17.602985540908, 17.100217359552722, 16.627597028207397, 11.761540926011456, 7.386611349676013, 8.619953969378155, 10.096979961598938, 6.46300076396855, 6.596368276265331, 5.842953626475718, 10.2009418823404, 9.342636112228087, 11.235667432851491, 28.72953341939629, 5.905854416926209, 20.722451177774428, 5.52661756153702, 7.867460096766222, 26.687974530929758, 13.724804667806568, 21.625171615640706, 10.564648746947107, 12.94330087718304, 13.897312079545149, 10.112588223788482, 12.159463933317989, 12.036064866897542, 18.41211201056769, 20.048318557286887, 10.745956009585132, 7.226774070476772, 9.412503469918128, 21.378871467063515, 17.55297843074995, 15.183485868944047, 8.892900380455654, 17.729149759972138, 16.143790159160957, 9.763237985948088, 13.217227696700633, 18.46619324618489, 16.489407450233376, 10.077614854697567, 14.410811544660415, 10.308114111840421, 13.078172750355943, 18.103430392598792, 23.355005449617426, 14.009458160075694, 11.088348600432592, 14.964691477882395, 14.858045300893162, 11.23920141122707, 17.21398834771159, 17.204202348150872, 20.110297098800853, 11.222638863979526, 17.979308935649247, 13.286531326965871, 15.55302202176043, 10.750510103889482, 21.600561910101515, 19.210671735145013, 10.987251246384526, 17.384772749663238, 15.024375365453482, 14.991065323039454, 18.14888782868298, 15.21704041207101, 19.613820075790905, 15.37261799161836, 15.809488809541527, 10.555672400057057, 12.505108468803847, 11.076512268526509, 18.015376494674047, 7.577064536111631, 17.890148626111824, 20.992353060194, 21.692758210781072, 25.11814871321654, 20.291356496495634, 18.095373512660874, 10.660969372210635, 16.698770750564346, 26.25681457561028, 17.423802399449436, 15.675666493868963, 20.055528411055054, 18.302141230997417, 24.012952349429984, 23.494160515705307, 24.372524635781996, 15.808564242755592, 16.604044156522303, 13.705747027606856, 27.659888439872407, 16.635969593830048, 18.817625524482544, 11.762061370913644, 32.74474105681211, 6.284847610440787, 13.292329620540798, 18.280252658207953, 25.187322953002354, 17.750648320699106, 17.080952761715086, 16.763507263719823, 22.31830454196791, 23.482936780403946, 20.741006660018993, 26.176969127134658, 23.26504104004383, 14.926227667985637, 14.43952486981843, 34.97881060376894, 16.699073182975436, 22.22050269653441, 15.114970776565508, 28.950280817480976, 18.634096017722957, 16.50027254060069, 25.214529045463664, 14.71523495124604],