{"name_model": "cartpole", "task": "balance", "label": "size=256_", "num_episodes": 200, "batch_size": 128, "duration": 200, "actor_learning_rate": 0.0001, "critic_learning_rate": 0.001, "hidden_size": 256, "hidden_depth": 1, "gamma": 0.99, "tau": 0.01, "rewards": [77.84627733344298, 84.7748060630336, 101.1390153316521, 94.40083687505951, 85.98935680050334, 105.71469325556038, 120.7392796658134, 104.43261141298058, 164.20461321114837, 127.54545978798306, 98.68214016683231, 103.3544580526991, 94.11502830726445, 61.65607565192352, 114.80992368716196, 135.3635388762352, 124.18275941285705, 120.02939265795324, 133.7820889086881, 96.13678133874481, 179.79294604963113, 124.76991147116534, 115.17005249084691, 110.78300574424577, 122.73716142217818, 107.02037736181337, 103.53580586255389, 110.08162333149902, 105.08051181332323, 149.64417895172704, 96.07188778594256, 164.22212691591648, 176.03105844536256, 134.65776893242332, 177.87454450220196, 123.8966257593637, 149.92731507532775, 104.97693850719078, 76.55222916181985, 166.94624605597954, 110.43768435906944, 111.62254142925977, 104.76243562133698, 154.41443932122817, 155.2695276750905, 93.09962101800458, 156.68944320542607, 105.87104209406036, 179.0770991665612, 59.58046460746801, 73.968493280089, 103.73910536277322, 135.29639927182419, 145.67424259419622, 79.91317749689127, 110.78926133672813, 158.79245529655586, 112.31027109330797, 142.52580943919162, 174.5996078787496, 123.2074414054279, 134.0334389812772, 71.98863825910682, 181.23838820182928, 91.29649225423243, 181.00300611548573, 167.82598778125373, 177.52887412400392, 168.28301599985463, 160.01816947296354, 122.3925108003827, 87.69123742064134, 120.47027807927371, 136.82853040127492, 104.82240660794778, 95.60176055964861, 171.01666697481608, 170.41859970386025, 119.45770021570661, 164.86809753637502, 172.29803063627847, 114.83355620214058, 105.46780271564428, 102.81722627014172, 177.40188983503168, 170.040387211171, 174.62359147475834, 107.32493403577843, 175.50459828642, 169.7440454224637, 127.45932012422688, 126.18801126723638, 166.77929058075424, 157.21587869362622, 167.95083948350702, 171.90724160937344, 105.86372385525415, 174.13590417220155, 160.23772035640877, 132.00743137736134, 167.69620511410525, 158.19963875315494, 171.29100544050695, 177.62882226490206, 137.26722965274655, 181.06407762104106, 123.59259737421411, 105.00329703842132, 101.1641004009034, 169.80300598222442, 135.62481276940287, 122.39465408263112, 166.98769810112987, 170.89984817987607, 168.47696244384403, 90.72176217608389, 177.40585296056946, 178.28065002452635, 181.38997004994388, 176.87546878392482, 176.90150722887023, 156.5942387033183, 171.39300982801063, 170.75558670143636, 116.20747317893363, 113.49710473081569, 169.91669742105378, 117.39615407379485, 156.67658957772272, 168.11359347980735, 114.29728667928056, 169.59109044990961, 174.2044856254493, 102.60053664354417, 179.14733036953703, 176.58276275332403, 182.32834434180484, 119.92296738618556, 89.23688508505872, 175.9849842902379, 176.11547674587544, 123.31787553130174, 127.62529374174305, 146.8363562174709, 97.92005685257645, 140.66727601294716, 162.2085048359708, 168.19525449419268, 178.64323148634193, 163.6126148757526, 167.465912018997, 112.48830624594191, 111.89109111432202, 128.80096465117848, 95.39532938387622, 164.85243767555852, 170.49497214118105, 174.33646437241762, 152.05850044374566, 102.83532759404596, 134.32401682481992, 173.87050899198596, 101.63966971243626, 171.50580223093124, 178.33459303280847, 172.84684355717093, 89.81157903208064, 157.2363666550077, 151.0390964463154, 171.08862957711298, 139.52782495943586, 139.74371858392817, 85.81689844325861, 115.58219227572447, 180.43321856116455, 125.18137315031281, 109.18448031771577, 110.71034803667412, 177.64418616434887, 105.99614844208722, 134.7131120059105, 108.84447434207488, 149.5606718090547, 171.72275104298734, 177.07707380720916, 120.7451388328413, 139.5172740736656, 169.82541331695523, 182.78574346728644, 168.74112311505465, 176.71363613933588, 110.53311184217748, 108.91245406943395, 142.07781299401614, 96.18657351421237, 174.0837475785193, 173.6875765380084, 163.33593112192924, 163.98565793984346, 175.49415493699632],