{"name_model": "hopper", "task": "hop", "label": "size=128_", "num_episodes": 200, "batch_size": 128, "duration": 200, "actor_learning_rate": 0.0001, "critic_learning_rate": 0.001, "hidden_size": 128, "hidden_depth": 1, "gamma": 0.99, "tau": 0.01, "rewards": [0.0, 0.0, 0.9270462693242327, 0.0, 0.0, 0.0, 0.0, 0.0, 0.0, 0.0, 0.0, 0.0, 0.0, 0.0, 0.0, 0.0, 0.0, 0.0, 0.0, 0.0, 0.0, 0.0, 0.0, 0.0, 0.0, 0.0, 0.0, 0.0, 0.0, 0.0, 0.0, 0.0, 0.0, 0.0, 0.0, 0.0, 0.0, 0.0, 0.0, 0.0, 0.0, 0.0, 0.0, 0.0, 0.0, 0.0, 0.0, 0.0, 0.0, 0.0, 0.0, 0.0, 0.0, 0.0, 0.0, 0.0, 0.0, 0.0, 0.0, 0.0, 0.0, 0.0, 0.0, 0.0, 0.0, 0.0, 0.0, 0.0, 0.05881005441930309, 0.2241457433912739, 0.0, 0.0, 1.4012331559375992, 0.0, 0.0, 0.0, 0.06376489040036448, 0.0, 0.0, 0.0, 0.0, 0.0, 0.0, 0.0, 0.0, 0.0, 0.0, 0.0, 0.0, 0.0, 0.0, 0.0, 0.0490757987675986, 0.0, 0.0, 0.0, 0.0, 0.07717413187363387, 0.29532444303532734, 0.0, 0.0, 0.0, 0.0, 0.0, 0.0, 0.0, 0.0, 0.0, 0.0, 0.0, 0.0, 0.03375912379947099, 0.02794988916820973, 0.17974854478277558, 0.0, 0.0, 0.0, 0.0, 0.0, 0.0, 0.0, 0.0, 0.0, 0.0, 0.0, 0.0, 0.0, 0.0, 0.0, 0.02549835996378269, 0.0, 0.0, 0.0, 0.0, 0.0, 0.0, 0.0, 0.0, 0.0, 0.0, 0.0, 0.0, 0.0, 0.0, 0.0, 0.06233688082243749, 0.0, 0.0, 0.02672054981981209, 0.0, 0.0, 0.0, 0.0, 0.0, 0.0, 0.0, 0.0, 0.02776222051728494, 0.0, 0.0, 0.0, 0.0, 0.0, 0.0, 0.0, 0.0, 0.0, 0.051391909733786156, 0.0, 0.0, 0.0970767219669818, 0.01638174666587422, 0.011397467460143806, 0.0034620183431030016, 0.0, 0.0, 0.0, 0.0, 0.0, 0.0, 0.0, 0.0, 0.0, 0.0, 0.0, 0.0, 0.0, 0.0, 0.0, 0.0, 0.0, 0.0, 0.0, 0.0, 0.0, 0.0, 0.0, 0.0, 0.0, 0.0], "avg_rewards": [0.0, 0.0, 0.30901542310807756, 0.23176156733105818, 0.18540925386484655, 0.15450771155403878, 0.13243518133203325, 0.11588078366552909, 0.10300514103602586, 0.09270462693242328, 0.09270462693242328, 0.09270462693242328, 0.0, 0.0, 0.0, 0.0, 0.0, 0.0, 0.0, 0.0, 0.0, 0.0, 0.0, 0.0, 0.0, 0.0, 0.0, 0.0, 0.0, 0.0, 0.0, 0.0, 0.0, 0.0, 0.0, 0.0, 0.0, 0.0, 0.0, 0.0, 0.0, 0.0, 0.0, 0.0, 0.0, 0.0, 0.0, 0.0, 0.0, 0.0, 0.0, 0.0, 0.0, 0.0, 0.0, 0.0, 0.0, 0.0, 0.0, 0.0, 0.0, 0.0, 0.0, 0.0, 0.0, 0.0, 0.0, 0.0, 0.005881005441930309, 0.0282955797810577, 0.0282955797810577, 0.0282955797810577, 0.16841889537481763, 0.16841889537481763, 0.16841889537481763, 0.16841889537481763, 0.17479538441485407, 0.17479538441485407, 0.16891437897292377, 0.14649980463379636, 0.14649980463379636, 0.14649980463379636, 0.006376489040036448, 0.006376489040036448, 0.006376489040036448, 0.006376489040036448, 0.0, 0.0, 0.0, 0.0, 0.0, 0.0, 0.00490757987675986, 0.00490757987675986, 0.00490757987675986, 0.00490757987675986, 0.00490757987675986, 0.012624993064123246, 0.04215743736765598, 0.04215743736765598, 0.04215743736765598, 0.04215743736765598, 0.03724985749089612, 0.03724985749089612, 0.03724985749089612, 0.03724985749089612, 0.03724985749089612, 0.029532444303532735, 0.0, 0.0, 0.0, 0.003375912379947099, 0.006170901296768072, 0.02414575577504563, 0.02414575577504563, 0.02414575577504563, 0.02414575577504563, 0.02414575577504563, 0.02414575577504563, 0.02414575577504563, 0.02414575577504563, 0.02076984339509853, 0.01797485447827756, 0.0, 0.0, 0.0, 0.0, 0.0, 0.0, 0.0025498359963782692, 0.0025498359963782692, 0.0025498359963782692, 0.0025498359963782692, 0.0025498359963782692, 0.0025498359963782692, 0.0025498359963782692, 0.0025498359963782692, 0.0025498359963782692, 0.0025498359963782692, 0.0, 0.0, 0.0, 0.0, 0.0, 0.0, 0.006233688082243749, 0.006233688082243749, 0.006233688082243749, 0.008905743064224958, 0.008905743064224958, 0.008905743064224958, 0.008905743064224958, 0.008905743064224958, 0.008905743064224958, 0.008905743064224958, 0.002672054981981209, 0.002672054981981209, 0.005448277033709703, 0.002776222051728494, 0.002776222051728494, 0.002776222051728494, 0.002776222051728494, 0.002776222051728494, 0.002776222051728494, 0.002776222051728494, 0.002776222051728494, 0.002776222051728494, 0.005139190973378616, 0.005139190973378616, 0.005139190973378616, 0.014846863170076796, 0.016485037836664218, 0.017624784582678597, 0.0179709864169889, 0.0179709864169889, 0.0179709864169889, 0.0179709864169889, 0.012831795443610284, 0.012831795443610284, 0.012831795443610284, 0.0031241232469121027, 0.0014859485803246808, 0.0003462018343103002, 0.0, 0.0, 0.0, 0.0, 0.0, 0.0, 0.0, 0.0, 0.0, 0.0, 0.0, 0.0, 0.0, 0.0, 0.0, 0.0, 0.0]}