{"name_model": "swimmer", "task": "swimmer6", "label": "size=256_", "num_episodes": 200, "batch_size": 128, "duration": 200, "actor_learning_rate": 0.0001, "critic_learning_rate": 0.001, "hidden_size": 256, "hidden_depth": 1, "gamma": 0.99, "tau": 0.01, "rewards": [3.8797363896463795, 13.050773442995377, 51.21978477593994, 16.136571233494465, 5.641966913600663, 2.7776682617264496, 3.4090637815230345, 2.2700390729662057, 2.0225560716872804, 2.387627219191791, 2.8064810881062074, 2.530065867790981, 2.663303724205005, 173.25791055579785, 12.521448471615507, 3.1355139833444245, 19.643950497835373, 30.45911424486314, 9.953699058220653, 1.7390801668828955, 2.339816249922477, 3.5169035349324296, 1.7759129508050888, 41.60838500148453, 1.000119398873336, 95.01050737048755, 8.943405205845018, 104.14413766957898, 4.543351826537775, 2.3722786782554874, 1.5694500070947117, 6.267360083556643, 1.3084449308618424, 74.66340342550868, 2.6504444944389696, 5.583508743049685, 2.9244363765036185, 3.052618478762665, 1.4080499215987394, 2.2426791010826292, 84.77783125889563, 120.57284991990127, 56.63933058636904, 39.52954127127174, 1.2226601660783916, 147.4537724601531, 146.31078004129935, 155.16521286233777, 2.8447939056487677, 3.0947574470979475, 0.817748478132788, 97.12859810678711, 3.9114550268955144, 1.696096947818283, 146.40517761816741, 1.897244023835139, 4.686542230833651, 2.5394153612942465, 7.634141246574741, 1.2619295090917946, 16.989630469323902, 2.510944914948979, 9.71741507238986, 182.83402285829584, 1.0660420454836828, 7.6024239270636595, 4.675730494561459, 5.325492095302797, 6.023693429359723, 1.6287913122770363, 11.568330359063161, 3.137043776656593, 2.7346004621175832, 133.02797487599747, 3.373287364080305, 9.368632559085942, 12.888709221858063, 2.7759417654212104, 6.286540106424167, 117.70109558926245, 5.225957666140544, 1.019189213690732, 2.6108115543701125, 72.32317878443735, 2.4383719524037866, 1.2247337778372798, 2.1471444309088303, 16.7518093685454, 126.3281442953734, 1.9156760211830348, 2.8121645042006227, 1.4865611038609694, 5.058775313360455, 1.0883133614248066, 1.2953519259326458, 1.6219692727426562, 1.4991551192703805, 88.35742566501588, 172.21985699828363, 1.6825014017729882, 1.7762998079752061, 2.05324893157889, 180.61063962288216, 13.901405711629097, 1.5931416196785744, 1.0517213687020288, 100.85673124294905, 4.201160445530108, 1.8441728211209873, 100.17213429051357, 15.577956714704039, 1.3549899844661915, 195.6020247159158, 1.7726190102268558, 94.45315071188425, 0.7369878466427241, 1.107692514305182, 47.36227544372819, 4.7298352797643535, 4.7419642065532805, 2.4704266946690026, 1.6230352855291206, 1.6603606811125835, 1.6928326325729797, 1.5065882501875192, 1.3264504432976851, 1.266896001519871, 65.52300325621019, 2.6565514898082503, 2.8546900504322026, 3.2843777153896414, 1.3273984420302136, 18.421997358266882, 0.9430772896443398, 2.783913732867882, 1.6068317397533418, 1.7779753399861047, 2.7173548632484716, 2.847636804052687, 1.8468295637144743, 1.6045013386402798, 1.2045760799315883, 1.0919696272261028, 1.5074499530800087, 1.4178302381263364, 1.4290116271640239, 1.2778424483316753, 3.4720249554178024, 6.091962671422473, 7.669356363625992, 96.79312124791808, 2.33871354450751, 0.9968578528681783, 176.0281335470874, 4.480344017487938, 2.4370431453420265, 3.842683973617198, 3.4299250176911196, 2.279688703602657, 2.684419490150631, 8.095027968963494, 3.942976249943378, 1.4769882002710977, 0.9283647538533134, 1.6971656812714189, 3.769707584526727, 4.850346113290887, 1.627482218942574, 8.232168450573141, 31.594198082370337, 4.951132322178419, 199.9992631686146, 1.5992802735291984, 35.419743789588004, 56.268871275089744, 2.499534594446295, 161.3947013124998, 1.8804423767202005, 2.1861479710035097, 2.4496879131724008, 2.117630170761112, 1.507263068929845, 15.063041250728837, 1.6809282629464666, 1.5023764711563925, 1.775310774057068, 1.1275221101793511, 2.7202834720120492, 1.3709500258765408, 1.8040630257723131, 141.95632791425643, 0.8582457003320015, 2.160452849869912, 5.187405558074206, 153.81328784949756, 188.5950010499241, 1.500674340917141, 43.441281805882326, 2.430720026198592, 105.78576560238427],