{"name_model": "hopper", "task": "hop", "label": "size=32_", "num_episodes": 200, "batch_size": 128, "duration": 200, "actor_learning_rate": 0.0001, "critic_learning_rate": 0.001, "hidden_size": 32, "hidden_depth": 1, "gamma": 0.99, "tau": 0.01, "rewards": [0.0, 0.0, 0.0, 0.0, 0.0, 0.0, 0.0, 0.0, 0.09657371323732544, 0.0, 0.0, 0.0, 0.0, 0.0, 0.0, 0.046998794318890424, 0.0, 0.0, 0.0, 3.2149628645391006, 0.0, 0.0, 0.0, 0.001893861340160008, 0.0, 0.0, 0.48505549060356146, 0.0, 0.0, 0.0, 0.0, 0.0, 0.0, 0.0, 1.0539458024655124, 0.0, 6.44440450166932, 0.0, 0.0005866756539727458, 0.0, 0.0, 13.91845415328141, 0.0, 0.0, 0.040665564160717205, 0.012417932503212104, 0.006292488071576452, 0.006531251754507639, 0.0, 0.0, 0.0, 0.6364129921619333, 0.0, 0.0, 0.0, 0.0, 0.0, 0.0, 0.0, 4.91967888546348, 10.2090943430161, 0.0, 0.0, 0.0, 0.0, 0.025109086858948637, 0.0, 3.0573818429546824, 2.3273754414720984, 0.22633178359225425, 0.0, 0.0, 0.0, 0.005219267768378222, 9.379336210192415, 2.8372704482919415, 9.4629806213761, 0.0, 1.370454741695259, 0.0166398045764532, 0.0, 0.0, 0.008786167320342542, 0.0, 0.0, 0.0, 0.0, 0.0, 0.0, 13.705555285756903, 0.0, 0.0, 1.563213560240584e-05, 0.0, 0.0, 1.3479390299529945, 0.0, 0.0, 0.0, 0.0, 0.002192914618120545, 0.0, 2.0784548950089268, 0.0, 0.0, 0.0, 0.0, 0.0, 0.0, 2.7698907762721725, 0.0, 0.0, 0.0, 0.03501897396843345, 0.0, 0.0, 6.191370439601052e-05, 0.0, 0.0, 0.005473709301338503, 0.0, 9.350123526680731, 0.0, 0.017239100576070587, 0.0, 0.0, 0.0, 0.03924319583037428, 0.0, 0.0, 0.0, 0.0, 0.0, 0.0, 0.0, 0.0, 0.0, 0.0, 0.0, 0.006737643512537583, 0.0, 0.0, 0.0, 0.007299373225212014, 0.0, 0.0, 0.0, 0.0, 1.006714011048464, 0.0, 1.4396336275800885, 0.0, 0.11369889042277725, 0.0, 0.0, 0.0, 0.0, 0.0, 0.10005203671006024, 0.0, 0.0, 0.0, 0.0, 0.0, 0.0, 0.0, 0.0, 0.0, 0.013052695889871901, 0.0, 9.065820902361626, 0.03718003842730566, 0.0, 0.0, 0.0, 0.0, 0.1740088237740045, 0.49311569713727743, 0.0, 0.0, 0.0, 0.0, 0.0, 0.0, 0.0, 0.0, 0.0, 0.0015310396240972857, 0.0, 0.013294062617025704, 0.21377678903528607, 0.0, 0.0, 0.0, 0.0, 0.0, 0.0, 0.0, 0.0, 0.0], "avg_rewards": [0.0, 0.0, 0.0, 0.0, 0.0, 0.0, 0.0, 0.0, 0.01073041258192505, 0.009657371323732544, 0.009657371323732544, 0.009657371323732544, 0.009657371323732544, 0.009657371323732544, 0.009657371323732544, 0.014357250755621586, 0.014357250755621586, 0.014357250755621586, 0.0046998794318890424, 0.32619616588579914, 0.32619616588579914, 0.32619616588579914, 0.32619616588579914, 0.3263855520198151, 0.3263855520198151, 0.3216856725879261, 0.3701912216482822, 0.3701912216482822, 0.3701912216482822, 0.048694935194372145, 0.048694935194372145, 0.048694935194372145, 0.048694935194372145, 0.048505549060356146, 0.15390012930690739, 0.15390012930690739, 0.7498350304134832, 0.7498350304134832, 0.7498936979788805, 0.7498936979788805, 0.7498936979788805, 2.1417391133070214, 2.1417391133070214, 2.1417391133070214, 2.040411089476542, 2.041652882726863, 1.3978416813670886, 1.3984948065425393, 1.3984361389771425, 1.3984361389771423, 1.3984361389771423, 0.07023202286519467, 0.07023202286519467, 0.07023202286519467, 0.06616546644912294, 0.06492367319880174, 0.0642944243916441, 0.06364129921619333, 0.06364129921619333, 0.5556091877625413, 1.5765186220641512, 1.512877322847958, 1.512877322847958, 1.512877322847958, 1.512877322847958, 1.5153882315338527, 1.5153882315338527, 1.8211264158293212, 2.053863959976531, 1.5845292497894081, 0.5636198154877985, 0.5636198154877985, 0.5636198154877985, 0.5641417422646362, 1.5020753632838777, 1.7832914994271771, 2.7295895615647874, 2.423851377269319, 2.328159307291635, 2.3071901093900546, 2.3071901093900546, 2.3071901093900546, 2.308068726122089, 2.3075467993452508, 1.3696131783260097, 1.0858861334968155, 0.13958807135920548, 0.13958807135920548, 0.002542597189679574, 1.3714341453077246, 1.3714341453077246, 1.3714341453077246, 1.3705570917892504, 1.3705570917892504, 1.3705570917892504, 1.50535099478455, 1.50535099478455, 1.50535099478455, 1.50535099478455, 0.13479546620885968, 0.13501475767067175, 0.13501475767067175, 0.34285868395800423, 0.34285868395800423, 0.3428586839580042, 0.2080647809627047, 0.2080647809627047, 0.2080647809627047, 0.2080647809627047, 0.4850538585899219, 0.4848345671281099, 0.4848345671281099, 0.27698907762721725, 0.2804909750240606, 0.2804909750240606, 0.2804909750240606, 0.28049716639450023, 0.28049716639450023, 0.28049716639450023, 0.004055459697416797, 0.004055459697416797, 0.9390678123654899, 0.9390678123654899, 0.9372898250262536, 0.9372898250262536, 0.9372898250262536, 0.9372836336558139, 0.9412079532388514, 0.9412079532388514, 0.9406605823087176, 0.9406605823087176, 0.0056482296406444865, 0.0056482296406444865, 0.003924319583037428, 0.003924319583037428, 0.003924319583037428, 0.003924319583037428, 0.0, 0.0, 0.0006737643512537584, 0.0006737643512537584, 0.0006737643512537584, 0.0006737643512537584, 0.0014037016737749597, 0.0014037016737749597, 0.0014037016737749597, 0.0014037016737749597, 0.0014037016737749597, 0.10207510277862135, 0.10140133842736761, 0.24536470118537643, 0.24536470118537643, 0.25673459022765416, 0.25600465290513297, 0.25600465290513297, 0.25600465290513297, 0.25600465290513297, 0.25600465290513297, 0.16533845547129258, 0.16533845547129258, 0.02137509271328375, 0.02137509271328375, 0.010005203671006024, 0.010005203671006024, 0.010005203671006024, 0.010005203671006024, 0.010005203671006024, 0.010005203671006024, 0.0013052695889871901, 0.0013052695889871901, 0.9078873598251498, 0.9116053636678803, 0.9116053636678803, 0.9116053636678803, 0.9116053636678803, 0.9116053636678803, 0.9290062460452807, 0.9783178157590084, 0.9770125461700212, 0.9770125461700212, 0.07043045593385876, 0.0667124520911282, 0.0667124520911282, 0.0667124520911282, 0.0667124520911282, 0.0667124520911282, 0.04931156971372774, 0.00015310396240972857, 0.00015310396240972857, 0.0014825102241122988, 0.022860189127640908, 0.022860189127640908, 0.022860189127640908, 0.022860189127640908, 0.022860189127640908, 0.022860189127640908, 0.022860189127640908, 0.022707085165231178, 0.022707085165231178, 0.021377678903528607]}