{"name_model": "hopper", "task": "hop", "label": "size=256_", "num_episodes": 200, "batch_size": 128, "duration": 200, "actor_learning_rate": 0.0001, "critic_learning_rate": 0.001, "hidden_size": 256, "hidden_depth": 1, "gamma": 0.99, "tau": 0.01, "rewards": [0.0, 0.0, 0.0, 0.0, 0.0, 0.0, 0.0, 0.0, 0.0, 0.0, 0.0, 0.0, 0.0, 0.0, 0.0, 0.0, 0.03711241737930526, 0.0, 0.029841796330481785, 0.0, 0.0, 0.0, 0.0, 0.0, 0.0, 0.0, 0.0, 0.0, 0.0, 0.0, 0.0, 0.0, 0.0, 0.0, 0.0027642980588415966, 0.0, 0.0, 0.0, 0.0, 0.0, 0.0, 0.0, 0.0, 0.39550013142654783, 0.12613908153050757, 0.0, 0.0, 0.0, 0.0, 0.0, 0.0, 0.0, 0.01256815488074814, 0.020188979466271073, 4.5950897138065745, 2.1885841521027656, 0.0, 0.0, 0.0, 0.0, 0.0, 0.0, 0.0, 0.0, 0.0, 0.0, 0.0, 0.010144457388337136, 0.0, 0.0, 3.4651701079801405, 0.0, 0.0, 0.0, 0.0, 0.0, 0.0, 0.0, 0.0, 0.0, 0.0, 0.0, 0.0, 0.0, 0.0, 6.9238204792086755, 0.0, 0.0, 0.0, 0.0, 4.875085091508785, 0.0, 0.0, 0.0, 0.0, 0.0, 0.0, 0.0, 0.0, 1.5744575547217892, 0.0, 0.0, 0.0161964052512511, 0.0, 0.0, 0.004191951639848535, 4.641340880578043, 0.0, 0.0, 0.0, 0.0, 0.0, 0.0, 0.0, 0.0, 0.0, 0.0, 1.2242944942902771, 0.0, 0.0, 0.0, 2.8563246421771837, 0.0, 0.015173574334289008, 0.0, 0.0, 0.0, 0.0, 4.317424376624758, 0.0, 1.3910466762803195, 0.0, 0.026922325553345283, 0.0, 0.0, 0.0, 5.223566262211904, 0.0, 0.0, 0.0, 0.0, 0.0, 0.0, 0.0, 0.0, 0.0, 0.0, 0.0, 0.0, 0.0, 0.0, 0.0, 0.0, 0.0, 8.516782122296801, 0.0, 0.0, 0.0, 0.0, 0.0074300237066120545, 0.0366945478751769, 0.0, 0.0, 0.0, 1.2256954151667758, 0.0, 0.0, 0.0, 0.0, 0.4373325149643633, 0.0, 3.7863988872176226, 0.0, 0.0, 0.0, 0.0, 1.05871529780093, 0.0, 0.0, 0.0, 0.0, 0.001314558159953072, 0.0, 5.4933333405753535, 0.0, 0.0, 0.0, 0.0, 0.0, 0.0, 0.0, 0.0, 0.0, 6.6102511030488476, 0.32734702784020664, 0.0, 0.0, 2.5552155117750877, 0.050144245323508696, 0.0063509845743130455], "avg_rewards": [0.0, 0.0, 0.0, 0.0, 0.0, 0.0, 0.0, 0.0, 0.0, 0.0, 0.0, 0.0, 0.0, 0.0, 0.0, 0.0, 0.0037112417379305263, 0.0037112417379305263, 0.006695421370978704, 0.006695421370978704, 0.006695421370978704, 0.006695421370978704, 0.006695421370978704, 0.006695421370978704, 0.006695421370978704, 0.006695421370978704, 0.0029841796330481785, 0.0029841796330481785, 0.0, 0.0, 0.0, 0.0, 0.0, 0.0, 0.00027642980588415966, 0.00027642980588415966, 0.00027642980588415966, 0.00027642980588415966, 0.00027642980588415966, 0.00027642980588415966, 0.00027642980588415966, 0.00027642980588415966, 0.00027642980588415966, 0.039826442948538945, 0.05216392129570554, 0.05216392129570554, 0.05216392129570554, 0.05216392129570554, 0.05216392129570554, 0.05216392129570554, 0.05216392129570554, 0.05216392129570554, 0.053420736783780357, 0.01588962158775268, 0.46278468481535934, 0.6816431000256359, 0.6816431000256359, 0.6816431000256359, 0.6816431000256359, 0.6816431000256359, 0.6816431000256359, 0.6816431000256359, 0.6803862845375611, 0.678367386590934, 0.21885841521027655, 0.0, 0.0, 0.0010144457388337135, 0.0010144457388337135, 0.0010144457388337135, 0.34753145653684775, 0.34753145653684775, 0.34753145653684775, 0.34753145653684775, 0.34753145653684775, 0.34753145653684775, 0.34753145653684775, 0.34651701079801406, 0.34651701079801406, 0.34651701079801406, 0.0, 0.0, 0.0, 0.0, 0.0, 0.6923820479208675, 0.6923820479208675, 0.6923820479208675, 0.6923820479208675, 0.6923820479208675, 1.179890557071746, 1.179890557071746, 1.179890557071746, 1.179890557071746, 1.179890557071746, 0.4875085091508785, 0.4875085091508785, 0.4875085091508785, 0.4875085091508785, 0.6449542646230574, 0.15744575547217893, 0.15744575547217893, 0.15906539599730402, 0.15906539599730402, 0.15906539599730402, 0.15948459116128888, 0.6236186792190932, 0.6236186792190932, 0.6236186792190932, 0.4661729237469142, 0.4661729237469142, 0.4661729237469142, 0.4645532832217891, 0.4645532832217891, 0.4645532832217891, 0.4641340880578043, 0.0, 0.12242944942902771, 0.12242944942902771, 0.12242944942902771, 0.12242944942902771, 0.4080619136467461, 0.4080619136467461, 0.409579271080175, 0.409579271080175, 0.40957927108017494, 0.40957927108017494, 0.2871498216511473, 0.7188922593136231, 0.7188922593136231, 0.857996926941655, 0.5723644627239366, 0.5750566952792712, 0.5735393378458422, 0.5735393378458423, 0.5735393378458423, 1.0958959640670325, 1.0958959640670325, 0.6641535264045568, 0.6641535264045568, 0.5250488587765249, 0.5250488587765249, 0.5223566262211904, 0.5223566262211904, 0.5223566262211904, 0.5223566262211904, 0.0, 0.0, 0.0, 0.0, 0.0, 0.0, 0.0, 0.0, 0.8516782122296801, 0.8516782122296801, 0.8516782122296801, 0.8516782122296801, 0.8516782122296801, 0.8524212146003414, 0.8560906693878592, 0.8560906693878592, 0.8560906693878589, 0.8560906693878589, 0.12698199867485646, 0.12698199867485646, 0.12698199867485646, 0.12698199867485646, 0.12698199867485646, 0.16997224780063158, 0.16630279301311393, 0.5449426817348761, 0.5449426817348761, 0.5449426817348761, 0.4223731402181986, 0.4223731402181986, 0.5282446699982917, 0.5282446699982917, 0.5282446699982917, 0.4845114185018552, 0.4845114185018552, 0.10600298559608831, 0.10600298559608831, 0.6553363196536237, 0.6553363196536237, 0.6553363196536236, 0.5494647898735306, 0.5494647898735306, 0.5494647898735306, 0.5494647898735306, 0.5494647898735306, 0.5493333340575354, 0.5493333340575354, 0.6610251103048848, 0.6937598130889053, 0.6937598130889053, 0.6937598130889053, 0.9492813642664142, 0.9542957887987651, 0.9549308872561963]}