{"name_model": "cheetah", "task": "run", "label": "size=32_", "num_episodes": 200, "batch_size": 128, "duration": 200, "actor_learning_rate": 0.0001, "critic_learning_rate": 0.001, "hidden_size": 32, "hidden_depth": 1, "gamma": 0.99, "tau": 0.01, "rewards": [3.1731781807737987, 3.124781417678242, 3.2585091876156094, 3.229722947262056, 4.062064609576729, 1.1985899730724432, 3.0021319134881805, 2.22293264529874, 4.70862540215637, 3.2415583468285583, 3.2260277571284215, 8.563435263634677, 4.094416302889922, 13.239570623701935, 6.674995618129563, 4.015045722014202, 11.625556253155032, 5.198259657856835, 8.514216043886206, 5.676941270664732, 5.110894123083511, 2.656588414381678, 7.833084987334966, 5.046877906045096, 7.632262284027826, 4.2254935190368155, 5.236581277046251, 3.883911409676022, 7.08859433230004, 11.403214398724268, 3.3438066886423075, 4.784702441306553, 3.675431016468411, 6.11940042353407, 7.214816980298168, 17.489516877721236, 4.746083538574032, 7.6916436786596964, 1.3818302983107427, 1.0039403640772329, 3.8126463924591985, 3.30381500698076, 4.4344410709017374, 3.962121620181753, 1.7021547577130294, 4.238034641939992, 2.0488304438856426, 8.006976397591576, 3.132976103376701, 7.473267944681527, 5.338834616652457, 5.847262186496584, 6.907306226456676, 2.4518297392577137, 6.710723235402059, 5.540142721165129, 6.850226669585094, 7.8726979206402055, 6.8425017737387295, 4.755475515223019, 7.138346127554105, 7.320026385924848, 12.126958324949968, 17.054578003836365, 1.360671419721485, 13.81310137075688, 12.55476979904058, 19.586167354629424, 16.248603932222004, 13.86241115699589, 17.484070747513503, 15.370049136097082, 24.42974707786338, 2.902683506630817, 6.168906632169234, 5.85916548121913, 10.577047067338157, 7.110191747505366, 4.8723914958870855, 1.815113413694454, 5.218342430034308, 3.5081709598315483, 3.8367013773517984, 1.9453865929510252, 3.261537983299383, 8.00218225781431, 6.627080527988597, 3.2437401926595477, 7.861364669888385, 7.520612199566942, 4.515241712128636, 18.24729387703551, 15.604884878278135, 20.458211220981067, 22.47481751042249, 15.799331163528656, 22.257074100676117, 21.18807041471255, 30.534644826035688, 20.107625132722394, 19.770664710750975, 16.242517608231665, 12.447460502321874, 19.539895263835657, 8.639402493888447, 14.000775405811028, 11.841697474933516, 9.133652052585534, 8.917872950759893, 11.59271190655609, 9.687871027317092, 2.2092965956734796, 13.386437643398825, 3.5994873120546185, 23.754714406690812, 13.389368082903534, 7.786235562376592, 4.4335371817457485, 8.615395973256469, 3.408039316639236, 7.2873588668868745, 6.181165307548294, 3.433155973635776, 2.5378143014610846, 3.9892071203879467, 15.907938072487529, 5.310443866622807, 10.266159693920196, 14.378519361990882, 24.925095073241014, 20.34603633065214, 24.546544967029014, 9.931698021849977, 11.2982162511167, 13.88092608465547, 10.646889201215622, 28.896308815588984, 24.181325441928415, 30.264448765761593, 24.65825684796244, 26.40377028693145, 24.92165213089787, 11.489913316432213, 15.175318669682444, 32.722773437373014, 21.230695824926855, 36.80923380083996, 25.51828266707998, 16.742064823255543, 13.24916146077152, 22.875606933245447, 10.074082043819418, 14.230323092383871, 12.55251150882885, 16.672692717436327, 18.55530116071671, 16.39105869342151, 26.91876484864759, 22.217837113263432, 16.885902773534184, 28.840485888053866, 23.37951168477255, 20.856833954624204, 29.36725336656267, 24.110903946082136, 19.865066922319105, 38.53235612102185, 11.619156697174681, 17.352491940887173, 16.59305992589667, 36.262066497963744, 20.077334047790377, 25.871881415618596, 21.494709021814835, 35.8987200275969, 32.50890075044591, 17.87716252390365, 9.225044567058989, 29.171208438384358, 16.935693045983623, 15.868144367941802, 10.913311888113263, 29.88330602337517, 4.8933507197236255, 8.152759615666366, 18.8574210246646, 10.007555052214883, 22.06096951538943, 29.74480603561593, 16.85077589289949, 45.902042466411125, 26.17909350488358, 36.06649806143162, 16.57078512515951, 11.689729768016688, 25.39475555118027, 21.419461261552193, 21.49910730856119, 12.949481794983878, 28.77777128107193],