{"name_model": "cartpole", "task": "balance", "label": "size=64_", "num_episodes": 200, "batch_size": 128, "duration": 200, "actor_learning_rate": 0.0001, "critic_learning_rate": 0.001, "hidden_size": 64, "hidden_depth": 1, "gamma": 0.99, "tau": 0.01, "rewards": [95.10256651212615, 75.17823677671014, 57.93226140925134, 108.25082118568855, 75.74323792608968, 67.27955129842803, 60.97480273058528, 58.37237050307645, 106.53693825589757, 134.71965236004965, 91.6075851120992, 123.52914321744036, 62.45060526972993, 99.08287681618751, 109.79075191166389, 97.56699058735879, 105.28971526362241, 87.850207249027, 127.76153926538649, 111.47196282611675, 141.81781045374058, 96.120709467123, 94.18193117285445, 102.55958506222962, 134.98668053833995, 130.64015056753186, 173.26468220765034, 78.11208300467833, 95.94043313108787, 147.9555752214456, 122.25323275181488, 102.99301787329541, 143.68915112595576, 136.95469755328796, 124.59263338878107, 98.14727068189286, 118.18625807822676, 67.39899397834459, 76.86740739669187, 173.8961969101767, 168.91915318491974, 112.00289474055484, 167.7641240363515, 99.43583206322117, 166.9058537137356, 174.78748705178484, 182.09934578219304, 151.41719640040566, 160.835799794556, 126.39290077552565, 100.95151571505511, 153.70324748731085, 141.74680417632607, 177.46699871023125, 112.59642363496852, 182.1541303342309, 165.8255691138343, 71.55038063343738, 152.01878221460652, 96.2276320137442, 154.00592283100784, 183.61517814171887, 179.8998118636846, 155.18820971919374, 173.12833127300522, 133.80188240627524, 146.50480669177134, 158.74985681268305, 116.93111186430492, 174.2269173960873, 170.2058503568874, 176.16787627535152, 159.48184728665095, 69.89248931452107, 172.36206178467037, 138.4654244917439, 152.9334238923125, 161.5684789001674, 164.27732123120657, 128.1515323229379, 103.41659327252519, 169.56205209608365, 99.62839542311822, 113.52966712871496, 178.22869470017253, 106.24337406361592, 176.13404017209743, 174.27153063024224, 179.05266199533057, 175.0294505855608, 170.57879496165825, 182.54989242489245, 85.73565833889951, 133.54760298384934, 177.0697375677441, 178.42651705109938, 76.43174038628474, 141.4147200002429, 82.09962760227747, 79.46731279372389, 69.92433393939045, 182.0745433050439, 161.96974986393778, 180.17730352419903, 177.67388840238655, 174.87715950263942, 180.38250854652657, 171.9962601623017, 175.93115800287157, 140.9656173577264, 117.84923117666543, 178.21350915736892, 143.53580016896342, 97.60400510937733, 163.12728730010747, 164.55655062758768, 108.7595057371387, 120.13317540402632, 172.40472674945786, 118.04660590741128, 129.04127384705367, 135.7767969015487, 103.65310564148892, 138.22145639760853, 170.85283718162296, 170.47705666364578, 165.68827786632346, 114.48441927885995, 173.93509732654795, 112.99224755978877, 85.23471035997106, 65.09963203351352, 96.11104724930425, 175.94238318305398, 108.71412965476235, 170.86947031305755, 178.84144725379352, 96.52215944639535, 141.697565439069, 144.618841896047, 79.31257625335805, 154.49306240678513, 103.06158440718038, 115.92725976229369, 106.6516965866697, 168.35024382899482, 107.12973132594242, 111.84388902662066, 168.5613843447924, 110.52418897701713, 108.52046816919872, 100.26106034461985, 97.21797477939884, 123.36964500779773, 170.0528714773957, 102.35408012914085, 101.80223191096701, 173.17700078741498, 125.33229436745721, 167.26687039369196, 112.97788712211467, 160.15019841811636, 175.39364848317504, 135.65490441171215, 177.35482033442116, 65.45937933164058, 167.34974549730495, 107.68954971983231, 158.74267284390055, 115.96761366075609, 147.96586834158904, 120.88552687035326, 98.39673441498122, 126.30236211897329, 129.06255763493957, 182.78129588958274, 115.9530220922195, 173.62098908879148, 166.15008532025243, 141.75698076393044, 117.70228829286054, 177.3023583542809, 183.17175916293277, 118.84991975343596, 69.07655944054362, 137.96023181530586, 171.9989751328648, 156.28977724866985, 167.50078575836747, 93.32331489137974, 178.54817741774053, 165.65892657201303, 149.5699273240791, 180.34042575476974, 168.98151309676396, 181.77163060709455, 113.17910926391929, 179.56491636677586, 180.74826058168327, 176.02295294980584],