{"name_model": "cartpole", "task": "balance", "label": "size=32_", "num_episodes": 200, "batch_size": 128, "duration": 200, "actor_learning_rate": 0.0001, "critic_learning_rate": 0.001, "hidden_size": 32, "hidden_depth": 1, "gamma": 0.99, "tau": 0.01, "rewards": [53.38723756274405, 85.11439105995629, 128.98271630757637, 74.09700372459356, 67.1492460777811, 73.89846078646583, 112.4022611365896, 90.68465364623515, 65.5558692242285, 99.96002637296007, 62.97171875836981, 100.83157584209819, 84.83501615581953, 62.4659706507674, 87.40254598254472, 92.92405865093647, 97.85225518508854, 93.5105176549207, 110.26199209161547, 171.76810814966404, 118.13566959488958, 171.07067010753843, 167.8569205247514, 97.49326357836817, 167.92911403474045, 141.35233398736833, 184.50809665404176, 166.50856691459353, 120.05157710939271, 122.77200880293827, 161.65888203187905, 157.03420680501515, 98.64372278435154, 117.82402258665553, 159.85978263965828, 165.0254731371087, 174.12573470102208, 162.07688516863482, 161.6922052825753, 168.39967524865457, 178.9529618450751, 105.61032287143523, 98.55691806005932, 146.80063748398854, 107.17733550052606, 68.44389441256062, 136.25190988173912, 126.10971633282426, 169.21748206240187, 113.39429079904001, 153.34980632761062, 181.65982089181392, 159.01141882488002, 171.95060406829546, 176.30219088642895, 68.13147932349004, 176.8680268759168, 179.10767436772863, 169.30935018913797, 114.99398201591549, 173.08887993249965, 170.98846782081597, 167.8143111481075, 168.12017364242712, 158.95689940143893, 169.19659643069554, 148.20584652301878, 139.94308272355914, 169.28227791893298, 175.49681158758398, 167.30619865142393, 119.82944305971823, 168.72821534212017, 68.07841250748388, 175.1934275760866, 160.8051526547688, 185.24641129023112, 130.02640506016067, 115.53645203839324, 184.90288640989704, 135.93250635585576, 182.5580496213845, 167.1111147098399, 73.26953621938753, 175.7334364459727, 161.72747308761765, 177.184549788336, 169.6151023674543, 119.7033056012591, 153.8994173698198, 180.40714166950303, 181.88728128774179, 160.67726856759677, 106.31310496430675, 82.3993241427838, 181.27370255426717, 111.69816780875857, 179.6773114320952, 169.04958919984375, 107.05494487643466, 179.52020608985393, 179.03778100129583, 181.14807530036552, 183.73177312119455, 182.17047931167346, 161.78314034531948, 105.63592811537127, 167.33156949821364, 169.17891785330806, 168.91693862233717, 170.85960698060177, 135.27068579265537, 150.2072402924188, 109.36542532542128, 104.02772607271649, 107.89522956493155, 167.4391510908736, 152.88650308979427, 117.580026254974, 113.74151425696294, 120.84647368807099, 143.97749647364108, 152.0907928478067, 105.28400693743879, 137.2688701761399, 176.7077382453123, 118.23702088467343, 167.22264363786542, 78.59816095439147, 140.98304204907308, 163.03041702054043, 166.0967185119641, 106.00782307763713, 101.15546367505681, 171.20013261390022, 175.55979420499864, 159.1223820930283, 87.75311073246141, 161.1481480173289, 165.4234699133676, 177.73654707590967, 116.56269547606757, 103.15060278461743, 176.8411393628259, 90.01108257390098, 127.96258683732735, 174.40014682492492, 107.27302630746206, 121.3949016471483, 177.75164185553837, 180.88514280538357, 176.62045318189124, 81.62612262004434, 101.48437364026779, 127.20222039161676, 103.77334716466855, 113.85915971111484, 180.70692377455472, 154.1375074328341, 178.12679319831562, 180.94807210570863, 95.08847456766962, 105.92347975179678, 120.97651205758615, 171.98138635152446, 149.71587015293818, 96.40058320959577, 139.628960019249, 172.00436846906155, 109.45694931269021, 109.16293758374549, 111.29586370925718, 147.61475418388537, 90.93532089772218, 137.63430777381333, 106.62877965519266, 120.86704023601054, 85.92070548286814, 78.32385856738662, 114.77413214922349, 108.91592192909049, 99.05470641334534, 174.69454939075348, 172.6620765677001, 164.8944136143306, 175.03272257731675, 165.38949686247022, 157.85560918399202, 111.07953145006005, 170.38550687274878, 159.85776544694247, 170.8817633642024, 77.65730908251506, 113.38440825396522, 111.48209192953826, 166.80410675963768, 110.72882636244589, 113.37892680434334, 146.8021520829154, 156.4061444971025],