{"name_model": "walker", "task": "run", "label": "size=64_", "num_episodes": 200, "batch_size": 128, "duration": 200, "actor_learning_rate": 0.0001, "critic_learning_rate": 0.001, "hidden_size": 64, "hidden_depth": 1, "gamma": 0.99, "tau": 0.01, "rewards": [12.770840201707552, 5.2976137644214685, 4.86954063439124, 7.8253178349844505, 10.184660811758455, 13.493924605703603, 6.230093852757918, 5.984314706904781, 5.2202590779535045, 8.317808554205028, 6.1651043633939056, 7.015102621305294, 10.109523970795225, 8.455099459656159, 6.620460327273867, 15.783614183560408, 22.969130290530643, 9.353900981464447, 22.276804171598044, 9.981542460607548, 8.331066917446401, 5.93067711768841, 10.827958213263948, 14.143394082785177, 18.038443847003478, 10.512267723352144, 5.9015712793383885, 5.3384432014648695, 6.633364290404905, 18.37996292379085, 5.935877584405178, 5.576031575566455, 10.282984861562216, 6.036838080556603, 10.29152232354079, 11.320363271760005, 6.9541124499029285, 10.117127636788089, 14.509375942489788, 15.00049973991132, 6.0353899891073555, 14.180873470143254, 14.24778932900336, 10.547664356436606, 10.715777156977543, 10.696265968010467, 15.494038954172476, 9.921708887822021, 9.03889833551808, 5.5187281083993796, 12.04212489000393, 8.874077747741989, 11.979378082178984, 5.702023725506161, 25.859025066994583, 8.667118518723745, 18.49661387454795, 13.092955480847273, 14.422091521110348, 10.892018344510667, 6.632162567619146, 12.203322662907203, 10.770935780063638, 20.83280596207598, 10.534853426831493, 13.515727758753343, 9.933768748596929, 16.131442103928116, 5.720802093909836, 7.111723273681431, 16.64560711223823, 16.76517704591763, 18.652147728184207, 12.152544759334996, 5.943685298096437, 11.177822723982219, 6.769782704001927, 8.170893624486324, 5.679971899153447, 15.563129219901654, 19.998837325538318, 9.198559798854143, 12.780002136115133, 8.414988084749712, 12.899855377301979, 14.100689366264643, 16.509534167247246, 8.1142278480358, 11.192501089263233, 4.918562661526085, 10.331784977379534, 11.709954175946738, 10.19482174950884, 18.568394466033638, 6.393306842799856, 12.917150373037623, 15.06611007668534, 11.957718455064493, 16.121297755576382, 10.694287361500026, 15.641265004621214, 11.241458248187268, 7.980447399967632, 11.742600525516593, 14.563617309100792, 11.115040663814586, 9.184501609144682, 19.832235705085235, 9.136161780176378, 12.100821287883045, 10.092701060516513, 12.03864108185187, 8.25898666008977, 10.96306522357164, 9.406218077097416, 15.15134438501456, 15.768455687947284, 16.211411256760226, 11.80811837948809, 15.529472592444952, 17.566158107665782, 13.92895564144371, 18.260193979615128, 12.201626997150639, 15.384457620500424, 10.015188764768288, 19.016889672956918, 8.518819182686443, 8.232513584781774, 12.447007947856283, 13.593814433421729, 17.035910312143276, 16.8004793126679, 19.840640142421616, 19.89870502498713, 19.032059613297754, 6.635997757577706, 19.392935151408732, 17.505030682469325, 23.788955903475156, 19.22916270016473, 18.462444660319434, 19.127559953781127, 10.301705355461321, 18.43500717470648, 15.637424038719972, 13.03827241995683, 22.917722884424222, 28.671988342938633, 21.801687300067396, 13.567034771102332, 17.206381420279246, 11.92061202776354, 14.573485134123596, 26.171679316774906, 15.65389931491385, 16.737936953866125, 9.537011961165504, 14.556147182699156, 16.07138329828411, 18.72308806392611, 15.337210527093085, 9.249404728619314, 7.774594578059177, 12.33641177968372, 26.357578994513318, 15.198571787350005, 18.569548864681412, 18.256670397257935, 22.507751744068532, 12.930093295998708, 13.34098786604326, 26.989163191295784, 22.752160753042048, 17.995499884971288, 26.316011707118324, 14.99086110530734, 10.022956261017187, 12.44532214289929, 16.39037847031834, 18.892529985257255, 15.342732091287887, 17.084932810747905, 20.22234502719592, 22.088249144093172, 17.534555924540005, 10.867835389936545, 16.390684992703537, 22.677518574095192, 27.50906121509534, 26.2002355799047, 11.122607418558824, 11.801087492816356, 18.406699574949965, 11.627282159681998, 13.828589159291239, 20.50961647847263, 18.360657185566946, 30.966176928468823, 24.66448027234967],