{"name_model": "cartpole", "task": "balance", "label": "gamma=0,999_", "num_episodes": 200, "batch_size": 128, "duration": 200, "actor_learning_rate": 0.0001, "critic_learning_rate": 0.001, "gamma": 0.999, "tau": 0.01, "rewards": [101.02684084946459, 62.22734230235218, 66.12661023788766, 84.5773391742311, 66.46052619753819, 69.97266908479178, 93.72241484461486, 82.66350556662033, 78.80427916007758, 74.92420594667907, 101.1587069345838, 68.6644637567754, 78.84017512615623, 155.65769553400378, 85.10731516264097, 124.17454637151819, 89.67210947723757, 157.62356402451147, 136.68436029907383, 112.1657932345864, 116.026405250008, 123.0678318127926, 119.57193112790229, 173.2869917873484, 135.246680912208, 126.69846034319417, 109.42217364691203, 124.69772060081604, 133.74786644424373, 174.8398944100456, 140.51031183477335, 183.36137904429037, 113.93134017236964, 142.5906504041239, 161.2124253435209, 79.20963533682598, 80.33363430640621, 133.29755040064555, 178.78895551753365, 163.1089911160586, 173.59190295912228, 127.71633729018308, 158.2550779685934, 77.48813086436364, 110.5685663335329, 117.42990165146594, 167.11209834529666, 153.57167754320437, 104.90193287545581, 147.70873854581274, 75.4320149034263, 132.8852559552243, 63.55957646167833, 152.11498880682234, 129.49943241150396, 143.62151604613436, 94.95623878973811, 150.16910502386295, 118.98755609381706, 121.89869605377194, 63.43886695391293, 102.30206496785333, 122.62287730283778, 173.64039668625085, 108.07848292410688, 130.17387690925895, 159.55055947396855, 166.58964477067303, 113.32066853610107, 102.85532088854141, 182.34668507344185, 118.47948292160065, 174.3417879765203, 120.33393903137312, 168.69846827225038, 131.9401582101154, 109.4525792252817, 175.60717454197118, 73.87862700156451, 92.56226985681532, 162.10365922966267, 174.52366362860135, 100.91900957056778, 117.3305611541165, 77.88830463962573, 129.5660242294092, 172.46828473869058, 179.99548383928678, 94.24998277897032, 179.20883348866764, 175.4119261966126, 154.30708938903777, 108.6147722972025, 181.216739980825, 177.1837232705563, 180.40662649355832, 123.00514802121741, 164.704906499931, 109.35171765438423, 173.50478146450686, 86.40465200410362, 104.30668911801675, 180.77844214088117, 172.80452430555528, 112.99554009063678, 111.43659538309704, 171.37431452225707, 129.85566877924836, 178.1022488997692, 176.23852266013313, 169.06179559994948, 164.15052146544753, 182.8007119533385, 177.3504816337621, 179.52901697919657, 149.59144036851674, 132.19254118304136, 175.14470769865397, 173.5882110536269, 124.64462015306094, 133.89447248827403, 168.7851994167546, 160.97229256929432, 180.39411977121918, 100.03502070902043, 127.32161551871408, 83.89793833448086, 172.51054843902608, 175.0967408570169, 161.1198320434091, 180.4320299649556, 169.28549568839014, 162.75301022395203, 95.87355805868813, 79.28385425169233, 175.3505075309829, 159.74411755882582, 129.2346012480265, 88.9037190418884, 106.80132594005127, 168.28547662728084, 169.6389074988291, 87.63084113032843, 63.300487431387786, 160.9166804502616, 149.75834077766953, 158.3630488130408, 162.25011015517362, 158.84407917726372, 98.64917590559779, 117.90764543489591, 168.55151063036436, 102.32787025091254, 168.23531119417777, 161.79021614280794, 166.52203538622942, 64.39011286079591, 172.44907783698238, 160.37001862847538, 94.59793574978895, 112.13733139413587, 117.54957942708525, 84.26792535977401, 155.4762814722757, 158.46943394166993, 112.90155329367775, 88.69161235904352, 128.75474228793095, 143.46114180806407, 117.2394880662305, 117.27798031662338, 59.836770036316985, 176.42262838373594, 170.3633936210849, 125.7364189267891, 132.18033681750103, 110.01946302053173, 121.20559065424945, 154.94174840544832, 87.57352830474869, 135.38877059994795, 145.87951256261846, 116.7526755848368, 185.81055057626676, 117.95308776872108, 115.38360343649528, 114.54632254874998, 173.3832919766165, 110.44202871385234, 99.78001049440273, 111.77375894256522, 96.74902213392365, 148.99594668973663, 171.5740800800332, 157.83665672683867, 176.22325260199642, 114.12840124769558, 175.22438428261844, 121.03764870251689, 136.34917722733385],