{"name_model": "cartpole", "task": "balance", "label": "gamma=0,9_", "num_episodes": 200, "batch_size": 128, "duration": 200, "actor_learning_rate": 0.0001, "critic_learning_rate": 0.001, "gamma": 0.9, "tau": 0.01, "rewards": [58.46724915055325, 49.413301661478144, 54.51371726815483, 48.72705146003558, 51.99655356347562, 58.87369289956339, 56.134759301504936, 67.098070507714, 73.33313790406646, 71.60158140234604, 71.11671278990332, 94.24021701442231, 84.48477318427324, 95.8338148377192, 66.83503545111391, 96.86539640987526, 137.33365642694721, 104.02974448213122, 99.15483679821422, 118.34298749974562, 163.33182261864425, 101.03197965032835, 97.31085913891931, 103.89910371803137, 113.97597877522492, 76.76472248420215, 110.43103584158379, 65.5779641463053, 96.02577817606456, 103.66898940691095, 112.16966960531029, 81.0700941137086, 69.09466209148398, 68.46125991660543, 134.63035884798185, 88.08143226129573, 101.81662483146673, 62.62368077266734, 91.64315468343061, 104.87156865635203, 66.15234236411818, 99.41665784069063, 85.3626097267677, 62.58020983578616, 71.04090157289691, 106.03144922023017, 103.33220916183907, 93.52436130001195, 113.4950790378227, 67.84410446334248, 102.61874378129204, 116.87197596482989, 95.27849163094615, 103.49596791656394, 80.01624019130513, 124.2189003289495, 87.37979742483965, 128.75343971288194, 96.08517750423567, 97.6113554991107, 116.14334867857599, 84.38811856498877, 93.4744630216626, 101.72696339399457, 67.28742390666389, 76.03608623234172, 105.48585538799693, 106.28841747079328, 96.04432626070731, 106.91512784588367, 120.18609311787387, 91.83524136616822, 134.48048145443147, 159.65157013779634, 105.60800798076863, 156.9761791285039, 121.80497859287529, 65.55216489625192, 82.28409242032384, 97.52472726850667, 89.57705793779712, 109.69301920467193, 101.3016524921949, 72.04343115769073, 133.94572659395925, 53.148991676697534, 105.98025270577435, 82.86979511331481, 66.13824439606422, 97.50166010960099, 65.21310971588356, 100.88127333784132, 64.92671925488865, 98.03996009242937, 101.91283394568312, 81.0658858778325, 116.28542365827126, 110.8141233408565, 86.93766215162279, 95.64187596703964, 103.36135401605239, 77.45006595723976, 88.693601504631, 53.349034756499705, 100.28516389772918, 116.35946217348699, 94.71738824664496, 111.68620348873523, 58.16652421150181, 157.81146606364513, 148.5512028042936, 106.47778311188708, 89.77431777460346, 117.4825329831611, 84.55738018456847, 88.4304025708098, 57.532668896338386, 65.64885463469749, 122.7242187053497, 90.82346151731461, 87.21534586713241, 97.40278223535753, 91.46442844927857, 120.7837432667459, 72.04592054107482, 99.46709979978982, 162.52145289932727, 93.69180544439918, 84.62033636776914, 84.17225638583429, 158.89370564866798, 76.98947862958197, 72.15850703837805, 75.1011876806455, 79.87092945908553, 111.9594644782441, 132.5574234545876, 68.50536191249054, 111.67980058036697, 104.34173910617382, 102.85621202142343, 128.98212546240651, 75.14363032119574, 79.68416879980009, 176.20355143268884, 59.35180645952055, 99.14513817492693, 84.3931034400992, 79.31487449427068, 109.03403904814733, 160.76496277420696, 94.44682813486733, 104.19593626171573, 138.0998144778892, 90.60243751151343, 116.3664428228614, 83.56634799885767, 95.94629344352747, 135.34310517510562, 60.73084237911998, 88.0270545195052, 161.84743220017035, 101.35787590560031, 102.16004599412207, 83.61220823010268, 90.2809608583903, 109.36235483986448, 124.53015842160985, 65.66313418480058, 86.2324515283182, 144.6138412601592, 150.04244910751157, 118.62322934785728, 144.02607198305793, 65.6894898337316, 83.05492905507857, 95.11362740593155, 57.78036834651466, 105.12466575118277, 116.20179494705023, 105.17888212757033, 103.05104287032718, 114.71607164632411, 63.31639615420163, 106.2605156173078, 93.5679664026225, 75.01065244546842, 97.51891426879291, 143.3147888601155, 76.25039945881727, 55.7508969982316, 113.4098396165758, 105.61432368884847, 114.92752940740267, 175.6323954200978, 100.11331408859819, 89.20234585685061, 109.05417345584443, 96.07367874609137, 95.02574060878703], "avg_rewards": [58.46724915055325, 53.9402754060157, 54.131422693395415, 52.78032988505545, 52.62357462073949, 53.66526100054347, 54.01804647210939, 55.65304947655997, 57.617503746282914, 59.01591151188923, 60.28085787582423, 64.76354941111865, 67.76065500273049, 72.47133134049884, 73.95517952926267, 77.75434988029386, 85.8742395928381, 89.56740699027982, 92.14957687969459, 96.82371748943456, 106.04522847230865, 106.72440473589924, 108.00701333136385, 108.81354221939509, 113.52763655180618, 111.51756915923886, 108.8273071007025, 104.98212906711994, 104.66922320490497, 103.2018233956215, 98.0856080942881, 96.08941954062612, 93.26779983588258, 89.72401545573999, 91.78945346301569, 92.92112444072504, 92.05968333971335, 91.76425500234954, 91.32599265308616, 91.44625057803026, 86.84451785391104, 88.67917422660925, 90.30596899013763, 89.71786398205569, 83.3589182545472, 85.15391995044065, 85.30547838347789, 88.39554643621234, 90.58073887165156, 86.8779924523506, 90.52463259406798, 92.27016440648191, 93.26175259689975, 97.35332840497753, 98.25086226681834, 100.06960737769029, 98.47436620399036, 101.99727404527735, 100.25628389191863, 103.23300899549547, 104.58546948522385, 101.33708374523974, 101.15668088431138, 100.97978043205444, 99.70689880359032, 94.88861739392955, 96.69922319024528, 94.45272096603642, 94.44863584168357, 95.37901307636086, 95.78328752029066, 96.5279998004086, 100.6286016436855, 106.42106231806568, 110.25312072547615, 118.34713001509235, 119.97904233558022, 115.90541707812606, 114.5293936940877, 113.59035363635, 110.52945011834235, 112.31522790219272, 108.99734500596905, 100.2365311079585, 103.07030296927755, 92.68758422409692, 91.1051116353868, 92.83687465709312, 91.22228985466715, 91.21998313877658, 88.78358831658522, 87.90241372990218, 84.26492040617154, 86.8645732996454, 83.6612840348178, 86.4529734549313, 87.48349055018099, 90.27792337293515, 92.35786514849102, 92.17188673423486, 95.98671116425174, 93.6435904261916, 96.02027865116584, 91.55118611757287, 91.38841911277747, 94.91777674234292, 92.76097320118029, 92.84818121596817, 89.97106742195606, 96.18802643161662, 100.70701131044072, 103.60978302590547, 103.71785465290273, 110.13120447556885, 108.55842610425279, 105.76552014398507, 102.0470482089544, 97.44331332355063, 103.89908277293543, 97.20028231830237, 91.06669662458626, 90.15919653693331, 90.32820760440082, 90.6583286327593, 89.40718266840993, 90.51085239130792, 101.00973079160681, 103.81402587257699, 100.00363763881893, 99.3385171256709, 106.50635310382445, 104.46502274324689, 102.53443060215685, 97.9661750435468, 98.74867593534788, 99.9979124031933, 97.00150945871933, 94.48286510552848, 97.18881152678827, 99.2057597988222, 93.60201043609774, 98.80127511938021, 99.09978744766197, 99.55808555957744, 109.19134775693776, 103.93058195506542, 100.58935342709934, 102.17812757986022, 98.94163497125058, 99.41086496544793, 105.20174004072628, 101.74821030797237, 104.65344090202436, 110.49500546983327, 101.93489407771574, 107.63635771404981, 106.07847869644289, 107.23379769678573, 112.83662076486921, 108.00630109796649, 100.7325102724963, 107.4725706790266, 107.18876464341506, 103.59478779503834, 102.89576486689728, 100.28721667045015, 102.86681735455086, 105.72520385235907, 98.75720675332857, 101.3073676682484, 106.9660463423138, 105.78554803304795, 107.51208337727363, 111.69868597616721, 109.90641413653009, 109.18381095619893, 107.75893821280563, 101.08395920529611, 105.03011236193433, 108.02704670380754, 104.08355079054866, 99.3844101668302, 98.99369439667689, 90.92272681379127, 94.97982939214889, 96.03113312690326, 94.02083563085696, 97.99469022308479, 101.81370253397807, 97.81856298515477, 92.8757644722209, 93.91164414684576, 93.0014693510982, 98.16258267641828, 105.0997706566973, 105.75430542529486, 107.17347476643309, 108.32700068513823, 103.60288967373583, 105.4804237887328]}