{"name_model": "cartpole", "task": "balance", "label": "gamma=0,99_", "num_episodes": 200, "batch_size": 128, "duration": 200, "actor_learning_rate": 0.0001, "critic_learning_rate": 0.001, "gamma": 0.99, "tau": 0.01, "rewards": [115.72093781982578, 73.17553295565722, 82.67266514656514, 54.253136312875526, 80.0236135869106, 117.58281092055915, 84.82517361135709, 101.98537707501926, 76.25875147868832, 99.87622969410347, 114.83283317670335, 112.08306761410226, 124.52611782058877, 99.29836130191784, 90.95783742114862, 110.26374909228798, 155.30721161084307, 64.51519208354304, 129.74545209112006, 125.60335859599363, 126.08935952806756, 109.2123564380735, 155.59184398128244, 64.4471573256475, 123.88511741142689, 111.98093110152244, 127.00849106470386, 136.2179715331823, 168.5388184874216, 165.93630432026634, 171.41904549256333, 99.33165335593729, 107.447956324707, 87.26372332560645, 64.6574879832364, 74.57142422080852, 145.62916736155597, 168.75091010748372, 104.7965597753303, 103.81903552385555, 152.10591142626362, 162.710306674476, 116.09888075202876, 98.97286170186226, 131.39798368247088, 99.43787201248334, 172.88512641127582, 124.2700534756123, 124.26463257620262, 166.02073931844512, 177.04759118742007, 167.74837251398498, 158.03817886294252, 136.12376404312533, 112.00349320444684, 116.52139351291909, 153.9798016205325, 96.88397116279931, 114.07715822368262, 51.773424667863445, 171.89775688133636, 167.9385349139984, 175.6989468732775, 85.43147911710102, 100.20174843164929, 159.68415931788977, 174.2374693629668, 138.76992073145288, 106.67631516377247, 174.1901763927929, 176.30970675278883, 159.61491345648255, 168.6943543517493, 121.95930210031202, 106.1584575881468, 127.23399786453173, 95.45478259507021, 95.14595469785199, 111.23670891423694, 183.9246212720154, 174.31227589851997, 165.7153060500426, 169.69084061026646, 159.92874392185118, 158.01022775051425, 117.02004720645205, 176.3014099539848, 179.930169437201, 128.1657249884148, 131.44752478726417, 99.10769707950419, 122.75984823534168, 169.06397068943645, 104.7076336368666, 125.01206159489884, 132.0108588802057, 112.183974928902, 145.64242367903793, 175.15162170048094, 92.42702930657696, 113.02912766396936, 126.55985195738118, 107.08797232446324, 181.638738025339, 170.5882439383969, 163.97697037301216, 105.24036711158912, 107.67762741221239, 181.3807014969498, 177.71978851362553, 110.85254282254562, 140.54416895345787, 113.12256365206896, 173.90277486404472, 140.74993147664534, 179.08384786603406, 86.57993832480825, 173.71637876054803, 130.43647671021782, 151.187658315475, 177.73120689955798, 108.24226354753019, 167.611123011521, 125.82878039965757, 171.4014010904665, 110.3816995505028, 141.40272138028132, 99.84240790794442, 169.8597225468149, 97.04939465842476, 106.49845451661133, 161.5788658370226, 178.94215311369987, 177.41436558304633, 117.49571421678029, 183.2988169106042, 165.81820072771274, 95.61690579851894, 176.61146130950726, 144.81947996895744, 177.62899880851694, 181.80090160879257, 173.68489532625918, 162.8710964461361, 178.22481763384374, 178.21285624000814, 138.2502898938348, 181.84171196848888, 77.92540301192044, 142.3705327756439, 171.81722850590666, 115.38602887475254, 135.6356690320032, 176.9518727462363, 129.283859094595, 116.10542028674669, 183.60638145027372, 137.73142081397194, 111.08425604239874, 105.60953645016893, 171.6303550001735, 94.863991471657, 101.91389865536792, 127.19935178167098, 159.68325411283143, 166.02949778859454, 178.45990281748865, 151.86339366782167, 174.30674106459563, 176.07820312078897, 111.88197066931748, 166.19574894350225, 178.91710268447179, 128.93092831194906, 181.83543638053263, 182.773592189128, 156.93053056735832, 176.4422649117419, 113.06236528479627, 96.72639552684915, 163.94291465820257, 114.43183777904582, 106.97909907777279, 179.37364026754253, 143.11375145805266, 158.98532631081298, 173.18864756700728, 165.09071320577763, 178.6376197901408, 168.1247405182404, 175.87727429064014, 134.5995801850263, 179.12993245902257, 172.70902225381133, 99.15644802007766, 109.44183859515843, 96.90349687536505, 143.64749140379166, 105.80363736891769, 109.90831597701539],