{"name_model": "cartpole", "task": "balance", "label": "gamma=0,95_", "num_episodes": 200, "batch_size": 128, "duration": 200, "actor_learning_rate": 0.0001, "critic_learning_rate": 0.001, "gamma": 0.95, "tau": 0.01, "rewards": [97.75321587492843, 53.8085095281935, 71.34333602428956, 75.1680164618684, 89.71578969755215, 91.32664612225105, 104.37131258375113, 110.2314629714073, 59.60695457159256, 71.93505071278108, 107.14911599098394, 98.32794925202836, 115.58571887408534, 104.71218438044838, 99.60429170455104, 108.42324391335501, 88.32459298352298, 126.09600596613996, 105.99859106465986, 100.36772862479592, 95.34991054608106, 114.11929835066921, 99.49023878972015, 96.09062325806381, 89.36822159893838, 101.66909452332091, 134.9821422943741, 84.75961608371684, 105.19330975401364, 93.3756575846898, 152.05984856995306, 129.09432789527622, 103.7234510642208, 113.68411280339663, 115.6583217972709, 156.77698779289085, 72.01833906103418, 85.31589286014406, 89.10524827258533, 109.89336087443475, 76.70717418821344, 125.58898664684942, 123.47926862162312, 168.04282877300216, 69.30217678228246, 72.8374714566942, 93.45203988692022, 98.38076868764401, 93.11628677985861, 103.76584675331276, 146.91979578427512, 98.77648746486393, 70.901908227122, 106.62634953336648, 99.76474696475847, 102.21063170651009, 121.74064052789419, 99.98489949135936, 113.2952658677932, 116.99422112990517, 128.54610283750958, 123.99367801323835, 96.01456615553342, 62.51023675515611, 74.70348628625494, 84.38651746497142, 117.9494390395601, 158.9493287862256, 156.8426262282224, 116.70495812238785, 103.47877281213407, 142.58576805012027, 143.02585139538778, 109.65875221936442, 91.20693546966892, 76.89867456874236, 154.47701892822323, 90.5720529076021, 107.87175022470949, 109.65604263365944, 117.41077234401097, 81.18531479487102, 105.2470042184517, 102.70780560045564, 116.00595139042704, 61.98354405707496, 81.07042796477657, 110.64070914583374, 112.61741450380461, 150.08993587227317, 57.786532294112675, 169.304578114214, 96.9895545907765, 122.20392172621293, 110.94259686944977, 102.0078851108099, 156.06237405025442, 117.97946835370783, 109.18500606901704, 88.59630896434359, 114.0197100616591, 109.04496123682604, 97.2830031223103, 111.33231064014194, 169.85847977748548, 124.0606783059011, 78.38328914577056, 109.45742339989384, 164.97442480824324, 91.09127184787589, 97.2926369360557, 113.47677942169489, 105.10669590191918, 122.23492925692997, 106.92592975443092, 92.3578834849711, 155.34242162220625, 174.60093662192583, 84.97567413967201, 174.36384828656486, 95.81894040589934, 119.85986872094507, 94.64393133088427, 89.22937615898606, 85.92362462867375, 136.27874147152426, 160.86936419937862, 75.57666775519884, 112.68324350438577, 125.8438174254156, 104.25739855413765, 174.19068943009256, 80.38654621771461, 104.78937313874397, 112.30811340111602, 90.81438762648779, 110.42571518949507, 104.44402239900248, 122.82093944117632, 89.00307763389235, 165.92337689079397, 111.82096267919444, 173.59930834884545, 139.7790782929091, 107.83661963921956, 114.10373720559896, 106.49036150635052, 146.1256546486357, 141.61211012506888, 74.58206563127293, 109.53586395453299, 90.54126688312948, 84.90977269080413, 126.87519711201678, 75.18907751681421, 102.09917985492693, 104.67681409778153, 107.26444408160692, 119.44003995448865, 105.02302061694272, 73.9980011071317, 110.3651314245715, 111.92133402166155, 94.73573326170317, 174.74691541014474, 150.7057246731478, 144.15569910167807, 148.7318953952856, 106.54524334723357, 107.29022224222288, 141.30746536657605, 107.309422542674, 91.69810316574927, 81.76954209044628, 153.03369979484324, 123.93100481465802, 112.70322890386562, 113.04604322123262, 101.65646355398721, 95.90876713529872, 133.07986527311309, 109.76198942584497, 102.08959740075079, 139.71972964826656, 129.1619057994433, 115.15272161119793, 132.37524062771882, 102.21499961928261, 88.38081523312852, 174.8521665198395, 99.87588887912824, 107.6800436042061, 168.10122722168947, 107.39386086119208, 116.88869763955776, 106.67387194548385, 146.4244074089962, 125.64823135063199, 112.7632440638091, 151.50699979286682],