{
  "name_model": "cartpole",
  "task": "balance",
  "label": "gamma=0,7_",
  "num_episodes": 200,
  "batch_size": 128,
  "duration": 200,
  "actor_learning_rate": 0.0001,
  "critic_learning_rate": 0.001,
  "gamma": 0.7,
  "tau": 0.01,
  "rewards": [
    112.82033407696412,
    56.90930770554654,
    94.57055336247028,
    79.9197076807237,
    80.77120532731574,
    105.672669940163,
    88.97480370727523,
    60.657254594048844,
    100.52126780186994,
    101.32041570069156,
    113.85471182442105,
    55.10520297642865,
    54.046170031705884,
    54.49344350077777,
    81.50818971827364,
    163.9097594962466,
    68.84791991976485,
    106.67091422801391,
    81.97720998298524,
    92.32540106803367,
    72.2218318004814,
    84.01332559982166,
    102.28759477073604,
    71.76464593050342,
    77.36594624141765,
    87.14787198438349,
    70.28174036378611,
    105.37768135715244,
    101.66380025370957,
    66.7066447359108,
    103.8246648418775,
    95.14994188538235,
    91.99144246571338,
    72.1414843562591,
    75.74338845962619,
    53.43742466492772,
    70.83485055932653,
    56.668920951725084,
    85.18874409433526,
    99.69897985766782,
    68.22103106692909,
    89.73220799473114,
    107.26880565030741,
    86.46368224977564,
    51.01874182071874,
    109.37291244631771,
    75.7962180623555,
    66.75834390162511,
    85.49437145921809,
    87.71647945737803,
    164.57479368981208,
    108.91415003302242,
    65.40113812953427,
    70.96217732641631,
    55.076271064574016,
    83.79566285809749,
    58.76159760341323,
    107.30857918026133,
    54.12136550866985,
    106.1282950805135,
    95.34043314120012,
    61.4005394033624,
    77.59082421275943,
    56.95107603967131,
    107.21428331230679,
    121.26436019372697,
    119.93190322662402,
    65.0994454675618,
    66.78645591226261,
    55.38886048205067,
    115.57999222172081,
    110.43166789675547,
    118.3666875756115,
    58.58093019443245,
    64.97295586392222,
    83.9477142266032,
    83.92712795835719,
    77.87527733538809,
    71.10452082399772,
    59.10162744688922,
    74.20398961726328,
    73.83643312367693,
    84.43632263345167,
    74.83630588465248,
    60.66889262613497,
    84.7887319444809,
    67.12813596594492,
    91.47755985997739,
    84.76820731917003,
    78.67346893292917,
    102.9806613414517,
    109.38963762261538,
    90.9493152175264,
    73.47666508374174,
    87.07958697948393,
    98.80084916698195,
    89.84443620446945,
    101.6920728969278,
    111.46541726033792,
    90.29663947466081,
    65.51340765193248,
    95.40487297036111,
    103.34212663560716,
    84.37467171599982,
    70.08251216294673,
    120.47440436377843,
    104.46170079662583,
    77.37499323587605,
    51.76454917023366,
    96.8315692909133,
    76.02165790692976,
    108.75673263194555,
    60.48595572658716,
    104.35980944291165,
    67.17165962407341,
    158.9084894903784,
    77.41031616333235,
    118.81143405406702,
    102.20157863535499,
    97.3443378323701,
    102.29912673793815,
    108.15325734380858,
    58.622363696539985,
    63.713449662693556,
    75.22593932790424,
    108.56691296106942,
    70.0163089846308,
    68.48096788323465,
    118.66834959801537,
    130.02590326012165,
    82.35009340368624,
    90.99933725799725,
    103.86464881835927,
    99.20733587165599,
    63.274603043240226,
    92.15636916111237,
    97.85061317551647,
    84.46242674140247,
    57.69738084304602,
    110.03658600176212,
    76.48419545832675,
    99.83346805378687,
    103.9190867059675,
    97.57707207114129,
    61.18835185530952,
    82.8796457963419,
    93.19283428573692,
    65.84438588916474,
    94.4895013066699,
    63.74420899077492,
    83.3167680389755,
    64.84502877726328,
    72.70646180665351,
    76.16457709079496,
    68.96690428741633,
    88.69738302368215,
    69.12421445083218,
    88.7675120915583,
    116.56179076501978,
    53.81811508267617,
    110.71476613391718,
    108.0508974036352,
    62.110158065226194,
    92.04600196442053,
    70.66262870300841,
    75.81946692094814,
    69.39080405700423,
    81.10975936641789,
    49.37616352387246,
    81.021383685404,
    76.8866245189706,
    95.45725900396152,
    82.25587687903689,
    57.46633177453198,
    77.532548185132,
    86.56678289528624,
    64.5749462451741,
    87.06285542460746,
    121.08409719994577,
    66.739913877803,
    73.72765993507569,
    134.53428688593604,
    93.522304835416,
    61.12556260771806,
    64.1765064427022,
    59.885362462825334,
    113.1737087157876,
    100.13353793977292,
    56.07800461838023,
    53.933535108923735,
    61.79458957496603,
    55.48897359752219,
    82.05609636468955,
    85.68919518457758,
    71.28737164056206,
    98.2626782172668,
    57.6295426283068,
    68.27557105843572,
    52.83427574013875,
    99.15945400791142
  ],