{"name_model": "cartpole", "task": "balance", "label": "gamma=0,995_", "num_episodes": 200, "batch_size": 128, "duration": 200, "actor_learning_rate": 0.0001, "critic_learning_rate": 0.001, "gamma": 0.995, "tau": 0.01, "rewards": [58.810582028838276, 94.21674000060415, 104.93650231096655, 104.31290469274109, 72.25369850031927, 83.04968683106318, 91.77951048568296, 135.90121038436152, 73.22162137078675, 105.53310545129013, 96.54284031731626, 171.05351121749254, 116.4930646147145, 72.92842351903386, 99.29258760112718, 153.8749979028467, 71.31849709010565, 74.15053815394829, 123.66906327950907, 143.30209590821153, 135.59457713674098, 171.50209682806, 93.68475307445709, 138.24495898816707, 74.72610479235931, 94.84166741845034, 86.31000917086449, 148.38725848415277, 77.71379575365725, 70.52353366220449, 114.24793041172443, 110.22644031821368, 106.49486921088534, 143.1878010249356, 116.47582094108346, 164.54402305398887, 143.92360869529315, 113.77385865895849, 163.01607334678383, 162.99977006065302, 163.56342098648042, 183.41802757708814, 137.1144952355345, 166.083321776875, 85.087169491961, 72.83609720403255, 162.25817617335204, 100.74378346089111, 170.78753812394083, 105.90669667261673, 137.2783281031628, 107.00818924360637, 75.53824331137287, 113.34154665653203, 123.53838587875643, 163.07101758322804, 105.78681242310994, 101.30711716173275, 161.26390299012522, 95.0751441903895, 167.4631351250868, 100.50140205320388, 131.68798033743704, 149.1534163186804, 91.75095402689459, 123.25286545137097, 139.04538245927563, 165.58831391026015, 170.92719590358604, 148.16286754704498, 163.2907019299392, 82.23335844379714, 117.81008809665973, 165.205862718965, 171.08991116612034, 158.0480417759921, 94.66701555475818, 115.0056979932509, 161.52670808192423, 115.41980370531772, 162.6692071341024, 181.5483805512353, 149.12206186937868, 169.9346390753806, 176.18104808562086, 101.07271163402812, 131.3856173819102, 115.70697725911508, 144.2805831213585, 180.8689851979782, 156.51257029286904, 182.12218028911104, 98.99163888661285, 173.51159285735562, 115.1040586657477, 177.88554103286023, 174.17459350025817, 133.0667563522956, 164.5611722939682, 180.97828735338967, 82.04239022721497, 128.85242175813838, 178.42514222528027, 152.80110028848992, 176.47358723351323, 161.95362714231345, 125.4787339674761, 62.01782086252911, 106.3571024292685, 173.73068756997094, 99.63104478272797, 165.6989137029207, 181.34252041103989, 176.9583538436955, 138.0719230082399, 157.0160912248702, 103.09346296166547, 95.15889770644044, 173.21614633162528, 137.80242327942517, 179.44987915703467, 179.95676667511668, 166.73998894676674, 156.4856582180959, 88.74272667382708, 142.5387762833639, 110.10658803698738, 166.6075535541996, 108.9847067836609, 167.2310139055913, 111.0267759804862, 111.02768544390659, 98.85896450765784, 110.18251347721925, 111.56610736874161, 168.76792492887463, 171.88834171491854, 111.70034259806857, 98.1658019034096, 115.24570814502455, 142.83868518756762, 76.32514882283812, 132.60950682410115, 168.0941356549717, 155.84344475635743, 178.27733637481245, 109.73860991686931, 150.8866996045764, 111.23675114439234, 138.82013490994845, 178.94922074890871, 91.59386372510754, 175.92596106227745, 114.04092364600915, 102.82983601965896, 174.094470652141, 112.95005755043239, 111.11138837599556, 102.10539554954761, 115.14749745105462, 169.6464325743469, 137.9211583514812, 111.43933405786025, 152.14972342243732, 155.10272943543515, 177.66627146817825, 172.9079431446938, 176.83625513339422, 177.34296932495545, 155.884458102366, 104.54192289132247, 132.07314728091708, 180.84785981335304, 104.70101664287745, 152.48840968883667, 170.7874974380815, 176.42278884746236, 163.56625543484273, 171.1729820548918, 172.45758118772986, 163.77610387487962, 178.09158557080235, 160.1856734404855, 110.05019320774379, 165.1597835135428, 158.15982860860575, 131.3523647591767, 179.31411893276893, 179.1202180902872, 178.16405472852355, 106.99472948838014, 163.89437543494532, 113.9063109235851, 99.52383643650494, 178.59859756697912, 178.3265870789648, 119.6680900057632, 172.20259344037916, 131.48917430554147, 159.82521441233325],