{"name_model": "humanoid", "task": "stand", "label": "", "num_episodes": 100, "batch_size": 128, "duration": 200, "actor_learning_rate": 0.0001, "critic_learning_rate": 0.001, "gamma": 0.99, "tau": 0.01, "rewards": [6.075156455504628, 6.431138173128429, 4.247392287300086, 3.1115502263892583, 0.582147821498974, 5.432483371597286, 7.152049315884253, 1.4378596011245708, 2.603952297768711, 1.3652608222712534, 5.869494348199563, 6.976388142451985, 5.150749580818124, 4.6955061221808245, 0.5548772442759581, 10.183000840173792, 5.678163917195225, 4.224026187128172, 0.5110900443500842, 5.087934208241187, 4.305668358363987, 9.073554354604997, 0.10825131609234266, 8.646896480088289, 4.785692622081346, 6.518378188023348, 6.936600311364104, 4.154402829298136, 8.106977847247276, 2.5887702241050325, 2.0762398525024346, 5.712410227942108, 3.4807809091667234, 8.295760750949878, 6.640712530965004, 0.25670216301626914, 3.2878896921991636, 7.909408280367279, 8.337264651719712, 6.379328362104388, 3.683666136930102, 4.878940842156687, 5.5052076709036655, 3.529497978705721, 7.195301426403584, 7.7571007243079295, 2.4150734215904164, 4.018655219517102, 8.776651126684744, 0.8813581239220484, 6.523009453059245, 4.9950062439520515, 3.910609648078538, 3.7808320532748523, 3.278765288917492, 5.916672901811736, 8.243907269628123, 0.40601220521265524, 0.9604848676337314, 8.960127084597904, 8.73904958924989, 8.332891349045264, 3.78171954236993, 6.33379723194454, 8.698048015012247, 7.2649017889199525, 3.530914868057944, 5.943271173554253, 9.757973450547976, 3.5261829468503567, 1.9653110446072695, 4.157352266684146, 2.4971537539244073, 0.5906337964043841, 4.922207398682038, 0.490251851368411, 3.213962674831827, 4.756009629219223, 5.666330606627028, 3.04025619320604, 0.7826015828138713, 1.7814264762493983, 3.6628879618190586, 5.258880394535732, 8.589919875241666, 2.9008999017581645, 5.14332193565848, 7.234030331870047, 1.7240862293303068, 3.6749076760624964, 4.5338184042575875, 2.3612457148080064, 5.453729100739357, 2.545987984668075, 4.305663089177902, 0.9141081334518242, 7.952474608532159, 2.350432717076731, 1.378746518269494, 6.819578987608657], "avg_rewards": [6.075156455504628, 6.253147314316529, 5.5845623053110485, 4.966309285580601, 4.089476992764276, 4.313311389236444, 4.7188453787575595, 4.3087221565534355, 4.1193032833551335, 3.843899037246745, 3.8233328265162383, 3.8778578234485943, 3.9681935528003978, 4.126589142379554, 4.123862084657253, 4.598913831514904, 4.451525291646001, 4.730141950246361, 4.520855724904498, 4.893123063501492, 4.7367404645179345, 4.946457085733234, 4.442207259260656, 4.837346295051403, 5.260427832831942, 4.893965567616898, 5.019809207033785, 5.012846871250782, 5.772435651540502, 5.522519253126886, 5.299576402540731, 4.963461989874442, 5.30071494918188, 5.265601376268039, 5.451103367156405, 4.824935764655697, 4.460064702739203, 4.835565247846118, 4.858593928293361, 5.2376497420932955, 5.398392370536063, 5.31504543195752, 5.517488108131215, 5.040861830906799, 5.096320720450657, 5.846360576579823, 5.759078949518949, 5.370003643433931, 5.413942290930433, 4.864145267112199, 5.148079598725115, 5.159686138904651, 5.000226336622138, 5.025359744079051, 4.633706130330442, 4.449663348080822, 5.032546732884593, 4.671282431454149, 3.889665805549047, 4.697542701616634, 4.919146715235696, 5.252935225745018, 5.240046215174157, 5.4953427330411255, 6.037271005650601, 6.1720938943614225, 5.7007946542044055, 6.254520551038565, 7.13426940932999, 6.590874995555235, 5.913501141090974, 5.495947232854862, 5.367490654010309, 4.793174310456293, 4.415590248823273, 3.7381252550681188, 3.7064300357455067, 3.5877038813120037, 3.178539596919909, 3.129946921555477, 3.0116759753761375, 2.7740833963326628, 2.8906568171221276, 3.3574814769352628, 3.7242527245912256, 3.965317529630201, 4.158253455712865, 4.406055525977948, 4.011831088248276, 4.075296236533921, 4.450417918678293, 4.508399842534154, 4.687483956426185, 4.416194715439419, 3.9877690368330425, 3.7890898600024085, 4.070005127289776, 3.581645365810444, 3.5471113947043635, 3.8615785258589796]}