{"name_model": "humanoid", "task": "stand", "label": "", "num_episodes": 200, "batch_size": 128, "duration": 100, "actor_learning_rate": 0.0001, "critic_learning_rate": 0.001, "gamma": 0.999, "tau": 0.01, "rewards": [6.349952921018282, 7.085405263386464, 4.446212090416996, 3.5638698636127635, 0.7991646477310763, 5.105764961543998, 3.5644199058187467, 1.076711812801354, 8.509897089794944, 1.5901321101579082, 6.759170938048088, 2.678763026587565, 2.652272857671053, 1.6766578630685702, 0.8821182355114032, 9.359209932556922, 4.924370956791792, 7.068962626058949, 2.67236784777146, 4.999278671365389, 8.179024778575712, 11.221567043784034, 0.33316345332198133, 9.561204940300424, 6.561301885698976, 6.241532178439508, 3.3917434249656644, 2.9221107453815582, 6.061287506367682, 3.480384449973917, 1.322099979995383, 5.383900366620968, 3.281971971138464, 10.414941109021004, 7.943885630809662, 0.20772823394381845, 4.424189159854464, 8.22624641682324, 9.151926238587036, 6.475704979756261, 1.5432757123070795, 6.820860215268056, 6.34654818701135, 4.1523304263364365, 6.925548307513402, 3.2844619159107356, 3.4583960982102195, 3.4039272011887767, 9.858485252162465, 1.2050490888723366, 6.843713916931741, 2.8982603379727667, 1.939380180958697, 4.304270393223247, 3.2113648687461698, 8.311978241378936, 8.970814941303294, 0.5681349318730974, 0.8360308246871148, 10.715345494560987, 7.316503047968993, 4.5969704891494345, 6.502371549401056, 6.16304123313877, 9.61001961654663, 2.252339047791507, 5.150259706106173, 5.482657875826123, 5.64062351371012, 2.3210998767818567, 1.7525604016482372, 4.086284887215534, 3.763274081704985, 0.3729772684947768, 6.74991248750561, 0.4242352817712862, 3.1541000006678948, 2.752738054378631, 4.006015924409387, 5.43968345509125, 0.7691625168071101, 3.675453849165342, 5.469889153075528, 2.078872549853169, 10.164072972808766, 4.281340379449122, 7.8785193252625065, 6.724876193232872, 0.8784490108711529, 4.233389576152463, 5.120296578512373, 2.6134132504913303, 2.9694689081847705, 1.4547617175885452, 6.422708455996281, 2.5952880995816163, 6.216533641848636, 5.083039790025753, 2.541407771866299, 7.988064195758659, 5.935871708366177, 2.4511923527388975, 3.474471926148833, 2.5391445264958428, 5.610629156321072, 2.4278242037973077, 4.624219923826801, 0.4510390282438868, 3.346786917778093, 3.133783613234421, 2.4952737826711195, 0.26751432362104405, 1.758932142587414, 6.552524696770095, 6.191031921785252, 1.3713532724028552, 6.4850539453837985, 3.7619777212053362, 10.62923379705262, 6.784118054729576, 6.725282547593608, 6.7357765928687785, 6.50386800548608, 8.696973898045178, 3.8065180636702816, 1.0494331108559967, 4.6433286941488765, 4.088006444426913, 9.294814010650597, 4.345802828139915, 9.163239243104298, 5.112553226282422, 2.8977827028085255, 7.605282216798915, 3.847171088311459, 6.184073230442683, 6.722643455396403, 0.5089931977373869, 8.995174633763053, 1.0005834970943066, 8.41208193281701, 2.1339402584990053, 4.649049271042265, 2.2598259942204595, 10.465494129675854, 8.63077008065407, 0.4128021254363893, 7.438289297549476, 3.262581062646255, 4.685405020321401, 10.870586002516411, 0.2679564797890573, 5.991868921967711, 5.226161525221728, 1.5212478936613398, 6.493478126633037, 6.5458779702204755, 5.153983537939827, 1.288007350781076, 4.281238308930439, 2.0829531075958383, 0.9916263006811187, 0.3260623074002636, 5.720596118295598, 5.021336980047034, 2.4701431942111434, 0.12266235751012909, 3.1579991666638194, 7.483318733283283, 3.5436463072344133, 9.271725627443454, 1.685012717545416, 2.1726464845923084, 1.6260020419381216, 7.581224206535886, 5.777138234658422, 4.3389816889915185, 1.4690839242658584, 8.131718638178363, 6.672929215101058, 8.540359912088622, 10.7751702295042, 3.2834246384274444, 2.539686453017573, 1.0188881598515125, 6.316002642889139, 3.89450791991387, 1.6077000654400475, 7.470600898485815, 5.944334960862329, 4.55221232440325, 5.375914083177968, 3.7825332643281477, 4.191033925249379, 2.8780235705369077, 8.692485467772256, 0.7992301385556294, 8.035638059608136, 6.151921604176444, 1.7710115707112462], "avg_rewards": [6.349952921018282, 6.717679092202373, 5.96052342494058, 5.361360034608626, 4.448920957233115, 4.558394957951596, 4.416398521932617, 3.99893768329121, 4.500155395124959, 4.209153066628254, 4.250074868331234, 3.8094106446513445, 3.6300167213767494, 3.44129552132233, 3.449590880100364, 3.8749353772016555, 4.01093048229896, 4.610155563624719, 4.026402639422371, 4.367317295543119, 4.509302679595882, 5.363583081315528, 5.131672140880621, 5.920126848603806, 6.488045213622565, 6.176277438210822, 6.02301468502821, 5.6083294969604705, 5.947221462820094, 5.795332040680946, 5.109639560822913, 4.525872893106607, 4.820753744888255, 4.906127361760312, 5.04438573627138, 4.441005341821812, 4.544249915310692, 5.074663482454861, 5.383727355676797, 5.68325940865503, 5.705376981886199, 5.849072966750908, 6.155530588338197, 5.52926952006974, 5.427435787740114, 5.735109155936806, 5.6385298497723815, 5.156297928208936, 5.226953829566479, 4.699888240478087, 5.229932060940552, 4.8376720732110225, 4.396955272605759, 4.4121492692944395, 4.040730925417717, 4.543482557964536, 5.094724442273844, 4.8111452153422745, 3.90889977259474, 4.859929413163605, 4.90720832626733, 5.077079341384996, 5.533378478229233, 5.719255562220785, 6.359121037000831, 5.753157117642088, 5.3711015941223765, 5.862553888517678, 6.343013157419978, 5.503588595642066, 4.947194331009991, 4.896125770816601, 4.622216024046994, 4.043209627582595, 3.7571989146784923, 3.5743885380764704, 3.3747725675326423, 3.1017805853878935, 2.9383198264578203, 3.2501781842887594, 3.1518383958046465, 3.1107552919996277, 3.2814167991366814, 3.45200632727252, 3.793422375802836, 4.17913288557062, 4.651574818030081, 5.048788631915506, 4.7360319405616815, 4.615402552667803, 5.0505159588383295, 4.944311898970928, 4.6942698744818525, 4.631858791255391, 4.2577223395741415, 4.089117111587391, 3.9229185432460043, 3.758734902925292, 3.9250307790248065, 4.300498240985426, 4.382055753970807, 4.365833664195564, 4.416333965991969, 4.5247722468827, 4.44356431691518, 4.426817927336748, 4.267586555534564, 3.804386479356377, 3.884924393947556, 3.399496335695133, 3.0554365431256274, 2.837068740213842, 2.6655147618577, 3.0668527788851256, 3.124893055431544, 3.0192459622920986, 3.205329364447798, 3.5364232337439425, 4.264667921671395, 4.629701365820911, 5.05270224231316, 5.699528469237934, 6.1740220555278, 6.388466975655309, 6.150015589843812, 6.117823573689124, 5.933651048565633, 5.96625392088779, 5.832811942247588, 5.588980419588623, 5.832776089139692, 5.670453752481055, 5.3098452222133, 5.2006760540886745, 5.204741356552792, 5.718205368511461, 5.926136844636213, 5.56823551996726, 5.538271582278506, 5.203749649173945, 5.1286339181452165, 4.830772621366874, 5.005899278190249, 4.471353655932402, 5.133185960068841, 5.377855645089982, 4.74687151209398, 5.439801122075188, 4.866541764963509, 5.2350239172862185, 5.480874324256158, 5.294275946385164, 5.428557911477709, 5.7251914645778355, 4.830766840976383, 4.61703764557428, 5.23034523005269, 5.001914654091725, 4.804457282905207, 4.764040611766111, 3.885277322274054, 3.957644304363259, 3.391063642906515, 3.440507102213901, 3.7905160108524703, 3.3881825176102813, 2.745860956339247, 2.546262519211646, 3.1657936574618666, 3.092034457292264, 3.8109117092770255, 3.8802503509634554, 4.06490876868266, 3.6554493610469123, 3.911438083695798, 4.242137587740525, 4.663769520888664, 4.494877996648868, 4.559717987138376, 4.872646277925041, 4.799509706389557, 5.708525457585435, 5.8196032729689495, 5.9109717140768945, 5.254738109408457, 5.308624550231529, 5.2641771733237634, 5.278038787441183, 5.211927013471928, 5.139067588048055, 4.740252829279518, 4.200327214646895, 4.250238077236965, 4.415372824460146, 4.6012863655286855, 4.8389346480169975, 4.529406869881173, 5.172200669297982, 5.040332739867045, 4.623000400851936]}