{"name_model": "humanoid", "task": "stand", "label": "", "num_episodes": 1000, "batch_size": 128, "duration": 100, "rewards": [8.778144048943087, 6.326457321738489, 5.615036611312043, 1.475688215837081, 1.065700330109516, 3.3862864540153175, 1.6151515310324533, 2.309631764312732], "avg_rewards": [8.778144048943087, 7.5523006853407875, 6.906545993997873, 5.548831549457675, 4.652205305588042, 4.441218830325922, 4.037494930426854, 3.8215120346625895], "num_states": 67, "num_actions": 21, "actor_learning_rate": 0.0001, "critic_learning_rate": 0.001, "hidden_depth": 1, "hidden_size": 256, "gamma": 0.9999, "tau": 0.01}