{"name_model": "humanoid", "task": "stand", "label": "", "num_episodes": 10000, "batch_size": 128, "duration": 100, "rewards": [7.146766611607686, 3.3364586358240578, 3.1396779091505755, 2.373203312522803, 0.4559844567238084, 2.1469223394474524, 6.9999430456451925, 0.5328312431180541, 6.539694382990527, 1.4409471526257551, 3.343830387108035, 1.4239443288957712, 1.8905289713500142, 4.666100931955241, 0.3407183042504952, 10.913822531380092, 2.7946692633903054, 3.125983846210191, 0.6329092863496403, 4.713523969396374], "avg_rewards": [7.146766611607686, 5.241612623715872, 4.540967718860773, 3.9990266172762805, 3.290418185165786, 3.0998355442127306, 3.656993758703082, 3.2664734442549537, 3.6301646596700174, 3.4112429089655913, 3.0309492865156265, 2.8396978558227977, 2.7147829620427415, 2.944072723985985, 2.932546108738654, 3.809236127931918, 3.3887087497064288, 3.648024010015643, 3.0573455003515537, 3.3846031820286155], "num_states": 67, "num_actions": 21, "actor_learning_rate": 0.0001, "critic_learning_rate": 0.001, "hidden_depth": 1, "hidden_size": 256, "gamma": 0.9999, "tau": 0.01}