{"rewards": [91.37024637978404, 86.04842244164222, 92.07758248873061, 88.61659083704771, 88.92395235135463], "avg_rewards": [91.37024637978404, 88.70933441071313, 89.8320837700523, 89.52821053680114, 89.40735889971184]}