{"rewards": [80.63050344107685, 90.8591661531948, 84.93662827312076, 87.52015358082618, 87.46607070101035, 89.84086433735364, 90.72093322280267, 90.94290776289927, 92.9257240547989, 88.27923034144756], "avg_rewards": [80.63050344107685, 85.74483479713584, 85.47543262246415, 85.98661286205466, 86.28250442984579, 86.87556441443043, 87.42490281562648, 87.86465343403557, 88.42699461412039, 88.41221818685311]}